region,rajon,title,amount,period,month
РБ,Всего,Республика Беларусь,6551.6,0,Январь
Минск,Минск,Минск,9388,0,Январь
Минская,Всего,Минская область,6452.1,0,Январь
Минская,Жодино,Жодино,6739.7,0,Январь
Минская,Березинский,Березинский район,4822.1,0,Январь
Минская,Борисовский,Борисовский район,5435.2,0,Январь
Минская,Вилейский,Вилейский район,4992.9,0,Январь
Минская,Воложинский,Воложинский район,4974.8,0,Январь
Минская,Дзержинский,Дзержинский район,6772.7,0,Январь
Минская,Клецкий,Клецкий район,4985.4,0,Январь
Минская,Копыльский,Копыльский район,4609.8,0,Январь
Минская,Крупский,Крупский район,5219.1,0,Январь
Минская,Логойский,Логойский район,5916.9,0,Январь
Минская,Любанский,Любанский район,4681.3,0,Январь
Минская,Минский,Минский район,7952,0,Январь
Минская,Молодечненский,Молодечненский район,5627.6,0,Январь
Минская,Мядельский,Мядельский район,5143.1,0,Январь
Минская,Несвижский,Несвижский район,6119.6,0,Январь
Минская,Пуховичский,Пуховичский район,5661.1,0,Январь
Минская,Слуцкий,Слуцкий район,5375.9,0,Январь
Минская,Смолевичский,Смолевичский район,6316,0,Январь
Минская,Солигорский,Солигорский район,9882.3,0,Январь
Минская,Стародорожский,Стародорожский район,4935.7,0,Январь
Минская,Столбцовский,Столбцовский район,5507.5,0,Январь
Минская,Узденский,Узденский район,5300.2,0,Январь
Минская,Червенский,Червенский район,4980.3,0,Январь
Гродненская,Всего,Гродненская область,5587.9,0,Январь
Гродненская,Гродно,Гродно,6595.9,0,Январь
Гродненская,Берестовицкий,Берестовицкий район,5247.1,0,Январь
Гродненская,Волковысский,Волковысский район,5323.9,0,Январь
Гродненская,Вороновский,Вороновский район,4411.2,0,Январь
Гродненская,Гродненский,Гродненский район,5813.4,0,Январь
Гродненская,Дятловский,Дятловский район,4478.6,0,Январь
Гродненская,Зельвенский,Зельвенский район,4615.9,0,Январь
Гродненская,Ивьевский,Ивьевский район,4392.3,0,Январь
Гродненская,Кореличский,Кореличский район,4680.7,0,Январь
Гродненская,Лидский,Лидский район,5152.3,0,Январь
Гродненская,Мостовский,Мостовский район,4401.1,0,Январь
Гродненская,Новогрудский,Новогрудский район,4812.9,0,Январь
Гродненская,Островецкий,Островецкий район,5679.6,0,Январь
Гродненская,Ошмянский,Ошмянский район,4948.5,0,Январь
Гродненская,Свислочский,Свислочский район,4577.3,0,Январь
Гродненская,Слонимский,Слонимский район,5020.6,0,Январь
Гродненская,Сморгонский,Сморгонский район,5274.4,0,Январь
Гродненская,Щучинский,Щучинский район,4907.7,0,Январь
Могилевская,Всего,Могилевская область,5555.3,0,Январь
Могилевская,Могилев,Могилев,6177.4,0,Январь
Могилевская,Бобруйск,Бобруйск,5541.5,0,Январь
Могилевская,Белыничский,Белыничский район,5344.6,0,Январь
Могилевская,Бобруйский,Бобруйский район,4303.7,0,Январь
Могилевская,Быховский,Быховский район,4865.2,0,Январь
Могилевская,Глусский,Глусский район,4580.5,0,Январь
Могилевская,Горецкий,Горецкий район,4893.3,0,Январь
Могилевская,Дрибинский,Дрибинский район,4861.2,0,Январь
Могилевская,Кировский,Кировский район,4566,0,Январь
Могилевская,Климовичский,Климовичский район,4845,0,Январь
Могилевская,Кличевский,Кличевский район,4922.8,0,Январь
Могилевская,Костюковичский,Костюковичский район,5274.3,0,Январь
Могилевская,Краснопольский,Краснопольский район,4871.2,0,Январь
Могилевская,Кричевский,Кричевский район,5090,0,Январь
Могилевская,Круглянский,Круглянский район,5007.7,0,Январь
Могилевская,Могилевский,Могилевский район,5719.6,0,Январь
Могилевская,Мстиславский,Мстиславский район,4339.7,0,Январь
Могилевская,Осиповичский,Осиповичский район,5633.2,0,Январь
Могилевская,Славгородский,Славгородский район,4664.8,0,Январь
Могилевская,Хотимский,Хотимский район,4304.9,0,Январь
Могилевская,Чаусский,Чаусский район,4647.2,0,Январь
Могилевская,Чериковский,Чериковский район,5069.3,0,Январь
Могилевская,Шкловский,Шкловский район,5406.9,0,Январь
Гомельская,Всего,Гомельская область,5850.7,0,Январь
Гомельская,Гомель,Гомель,6334,0,Январь
Гомельская,Брагинский,Брагинский район,4490.5,0,Январь
Гомельская,Буда-Кошелевский,Буда-Кошелевский район,4877.4,0,Январь
Гомельская,Ветковский,Ветковский район,4705.1,0,Январь
Гомельская,Гомельский,Гомельский район,5534.7,0,Январь
Гомельская,Добрушский,Добрушский район,4591.8,0,Январь
Гомельская,Ельский,Ельский район,4527.5,0,Январь
Гомельская,Житковичский,Житковичский район,4779.9,0,Январь
Гомельская,Жлобинский,Жлобинский район,5881.9,0,Январь
Гомельская,Калинковичский,Калинковичский район,5387.6,0,Январь
Гомельская,Кормянский,Кормянский район,4302.2,0,Январь
Гомельская,Лельчицкий,Лельчицкий район,4527.8,0,Январь
Гомельская,Лоевский,Лоевский район,4228.6,0,Январь
Гомельская,Мозырский,Мозырский район,6716,0,Январь
Гомельская,Наровлянский,Наровлянский район,4750.1,0,Январь
Гомельская,Октябрьский,Октябрьский район,4431.9,0,Январь
Гомельская,Петриковский,Петриковский район,4455.2,0,Январь
Гомельская,Речицкий,Речицкий район,6387,0,Январь
Гомельская,Рогачевский,Рогачевский район,4970.2,0,Январь
Гомельская,Светлогорский,Светлогорский район,5871,0,Январь
Гомельская,Хойникский,Хойникский район,4548.3,0,Январь
Гомельская,Чечерский,Чечерский район,4891.3,0,Январь
Брестская,Всего,Брестская область,5537.8,0,Январь
Брестская,Брест,Брест,6351.6,0,Январь
Брестская,Барановичи,Барановичи,5709.5,0,Январь
Брестская,Пинск,Пинск,5203.4,0,Январь
Брестская,Барановичский,Барановичский район,5242.4,0,Январь
Брестская,Березовский,Березовский район,5643.2,0,Январь
Брестская,Брестский,Брестский район,5557.9,0,Январь
Брестская,Ганцевичский,Ганцевичский район,4623.4,0,Январь
Брестская,Дрогичинский,Дрогичинский район,4529.6,0,Январь
Брестская,Жабинковский,Жабинковский район,5354,0,Январь
Брестская,Ивановский,Ивановский район,4759.3,0,Январь
Брестская,Ивацевичский,Ивацевичский район,5090.8,0,Январь
Брестская,Каменецкий,Каменецкий район,5501.1,0,Январь
Брестская,Кобринский,Кобринский район,5463,0,Январь
Брестская,Лунинецкий,Лунинецкий район,5050.4,0,Январь
Брестская,Ляховичский,Ляховичский район,4743.4,0,Январь
Брестская,Малоритский,Малоритский район,4602.8,0,Январь
Брестская,Пинский,Пинский район,4731.9,0,Январь
Брестская,Пружанский,Пружанский район,5384.9,0,Январь
Брестская,Столинский,Столинский район,4565.1,0,Январь
Витебская,Всего,Витебская область,5607.1,0,Январь
Витебская,Витебск,Витебск,6116.5,0,Январь
Витебская,Новополоцк,Новополоцк,7876.4,0,Январь
Витебская,Бешенковичский,Бешенковичский район,4317.5,0,Январь
Витебская,Браславский,Браславский район,4194.3,0,Январь
Витебская,Верхнедвинский,Верхнедвинский район,5322.1,0,Январь
Витебская,Витебский,Витебский район,5143.7,0,Январь
Витебская,Глубокский,Глубокский район,4824.6,0,Январь
Витебская,Городокский,Городокский район,4559.6,0,Январь
Витебская,Докшицкий,Докшицкий район,4484.2,0,Январь
Витебская,Дубровенский,Дубровенский район,4917.9,0,Январь
Витебская,Лепельский,Лепельский район,4836.5,0,Январь
Витебская,Лиозненский,Лиозненский район,4299.5,0,Январь
Витебская,Миорский,Миорский район,4121.2,0,Январь
Витебская,Оршанский,Оршанский район,5423.6,0,Январь
Витебская,Полоцкий,Полоцкий район,5736.8,0,Январь
Витебская,Поставский,Поставский район,4470,0,Январь
Витебская,Россонский,Россонский район,4669.2,0,Январь
Витебская,Сенненский,Сенненский район,4240.4,0,Январь
Витебская,Толочинский,Толочинский район,4887.3,0,Январь
Витебская,Ушачский,Ушачский район,4204.1,0,Январь
Витебская,Чашникский,Чашникский район,5106.2,0,Январь
Витебская,Шарковщинский,Шарковщинский район,3920.7,0,Январь
Витебская,Шумилинский,Шумилинский район,4224.9,0,Январь
РБ,Всего,Республика Беларусь,6615.7,1,Февраль
Минск,Минск,Минск,9475,1,Февраль
Могилевская,Всего,Могилевская область,5593.8,1,Февраль
Могилевская,Могилев,Могилев,6206.4,1,Февраль
Могилевская,Бобруйск,Бобруйск,5762.7,1,Февраль
Могилевская,Белыничский,Белыничский район,5399.5,1,Февраль
Могилевская,Бобруйский,Бобруйский район,4342.6,1,Февраль
Могилевская,Быховский,Быховский район,4839.3,1,Февраль
Могилевская,Глусский,Глусский район,4556.8,1,Февраль
Могилевская,Горецкий,Горецкий район,4833.8,1,Февраль
Могилевская,Дрибинский,Дрибинский район,4955.2,1,Февраль
Могилевская,Кировский,Кировский район,4453.9,1,Февраль
Могилевская,Климовичский,Климовичский район,4903,1,Февраль
Могилевская,Кличевский,Кличевский район,4878.9,1,Февраль
Могилевская,Костюковичский,Костюковичский район,5564.1,1,Февраль
Могилевская,Краснопольский,Краснопольский район,4670.9,1,Февраль
Могилевская,Кричевский,Кричевский район,5268.5,1,Февраль
Могилевская,Круглянский,Круглянский район,5247.1,1,Февраль
Могилевская,Могилевский,Могилевский район,5605.1,1,Февраль
Могилевская,Мстиславский,Мстиславский район,4385.5,1,Февраль
Могилевская,Осиповичский,Осиповичский район,5588.2,1,Февраль
Могилевская,Славгородский,Славгородский район,4458.7,1,Февраль
Могилевская,Хотимский,Хотимский район,4259.4,1,Февраль
Могилевская,Чаусский,Чаусский район,4566.2,1,Февраль
Могилевская,Чериковский,Чериковский район,4690,1,Февраль
Могилевская,Шкловский,Шкловский район,5342.5,1,Февраль
Витебская,Всего,Витебская область,5639.5,1,Февраль
Витебская,Витебск,Витебск,6202.1,1,Февраль
Витебская,Новополоцк,Новополоцк,7532.2,1,Февраль
Витебская,Бешенковичский,Бешенковичский район,4315,1,Февраль
Витебская,Браславский,Браславский район,4287.1,1,Февраль
Витебская,Верхнедвинский,Верхнедвинский район,4964.3,1,Февраль
Витебская,Витебский,Витебский район,5341.3,1,Февраль
Витебская,Глубокский,Глубокский район,4795.4,1,Февраль
Витебская,Городокский,Городокский район,4566,1,Февраль
Витебская,Докшицкий,Докшицкий район,4631,1,Февраль
Витебская,Дубровенский,Дубровенский район,4872.9,1,Февраль
Витебская,Лепельский,Лепельский район,4808.3,1,Февраль
Витебская,Лиозненский,Лиозненский район,4335.3,1,Февраль
Витебская,Миорский,Миорский район,4327.1,1,Февраль
Витебская,Оршанский,Оршанский район,5546.9,1,Февраль
Витебская,Полоцкий,Полоцкий район,5831.3,1,Февраль
Витебская,Поставский,Поставский район,4508.7,1,Февраль
Витебская,Россонский,Россонский район,4744.7,1,Февраль
Витебская,Сенненский,Сенненский район,4394.7,1,Февраль
Витебская,Толочинский,Толочинский район,4849.1,1,Февраль
Витебская,Ушачский,Ушачский район,4158.8,1,Февраль
Витебская,Чашникский,Чашникский район,5219.7,1,Февраль
Витебская,Шарковщинский,Шарковщинский район,3999.9,1,Февраль
Витебская,Шумилинский,Шумилинский район,4295.1,1,Февраль
Брестская,Всего,Брестская область,5652.4,1,Февраль
Брестская,Брест,Брест,6541.3,1,Февраль
Брестская,Барановичи,Барановичи,5819.9,1,Февраль
Брестская,Пинск,Пинск,5351.1,1,Февраль
Брестская,Барановичский,Барановичский район,5249.1,1,Февраль
Брестская,Березовский,Березовский район,5788.2,1,Февраль
Брестская,Брестский,Брестский район,5457.3,1,Февраль
Брестская,Ганцевичский,Ганцевичский район,4650.4,1,Февраль
Брестская,Дрогичинский,Дрогичинский район,4742.5,1,Февраль
Брестская,Жабинковский,Жабинковский район,5563.5,1,Февраль
Брестская,Ивановский,Ивановский район,4959.6,1,Февраль
Брестская,Ивацевичский,Ивацевичский район,5199.9,1,Февраль
Брестская,Каменецкий,Каменецкий район,5304.7,1,Февраль
Брестская,Кобринский,Кобринский район,5472.1,1,Февраль
Брестская,Лунинецкий,Лунинецкий район,5352,1,Февраль
Брестская,Ляховичский,Ляховичский район,4971.3,1,Февраль
Брестская,Малоритский,Малоритский район,4680.5,1,Февраль
Брестская,Пинский,Пинский район,4824.9,1,Февраль
Брестская,Пружанский,Пружанский район,5406.3,1,Февраль
Брестская,Столинский,Столинский район,4396,1,Февраль
Гродненская,Всего,Гродненская область,5639,1,Февраль
Гродненская,Гродно,Гродно,6636.2,1,Февраль
Гродненская,Берестовицкий,Берестовицкий район,5128,1,Февраль
Гродненская,Волковысский,Волковысский район,5326.6,1,Февраль
Гродненская,Вороновский,Вороновский район,4467.7,1,Февраль
Гродненская,Гродненский,Гродненский район,5889.1,1,Февраль
Гродненская,Дятловский,Дятловский район,4604.2,1,Февраль
Гродненская,Зельвенский,Зельвенский район,4525,1,Февраль
Гродненская,Ивьевский,Ивьевский район,4517.1,1,Февраль
Гродненская,Кореличский,Кореличский район,4474.3,1,Февраль
Гродненская,Лидский,Лидский район,5367.2,1,Февраль
Гродненская,Мостовский,Мостовский район,4412.3,1,Февраль
Гродненская,Новогрудский,Новогрудский район,4836.4,1,Февраль
Гродненская,Островецкий,Островецкий район,5771,1,Февраль
Гродненская,Ошмянский,Ошмянский район,5078.5,1,Февраль
Гродненская,Свислочский,Свислочский район,4489.4,1,Февраль
Гродненская,Слонимский,Слонимский район,4924.9,1,Февраль
Гродненская,Сморгонский,Сморгонский район,5351.9,1,Февраль
Гродненская,Щучинский,Щучинский район,5023.6,1,Февраль
Минская,Всего,Минская область,6517.3,1,Февраль
Минская,Жодино,Жодино,6832.9,1,Февраль
Минская,Березинский,Березинский район,4916.7,1,Февраль
Минская,Борисовский,Борисовский район,5629.8,1,Февраль
Минская,Вилейский,Вилейский район,5077.3,1,Февраль
Минская,Воложинский,Воложинский район,4895.3,1,Февраль
Минская,Дзержинский,Дзержинский район,7226.5,1,Февраль
Минская,Клецкий,Клецкий район,5011,1,Февраль
Минская,Копыльский,Копыльский район,4577.8,1,Февраль
Минская,Крупский,Крупский район,5005.3,1,Февраль
Минская,Логойский,Логойский район,6001.1,1,Февраль
Минская,Любанский,Любанский район,4729.4,1,Февраль
Минская,Минский,Минский район,8048.1,1,Февраль
Минская,Молодечненский,Молодечненский район,5722,1,Февраль
Минская,Мядельский,Мядельский район,5238.9,1,Февраль
Минская,Несвижский,Несвижский район,6132.7,1,Февраль
Минская,Пуховичский,Пуховичский район,5679,1,Февраль
Минская,Слуцкий,Слуцкий район,5496.2,1,Февраль
Минская,Смолевичский,Смолевичский район,6477.2,1,Февраль
Минская,Солигорский,Солигорский район,9634,1,Февраль
Минская,Стародорожский,Стародорожский район,4946.3,1,Февраль
Минская,Столбцовский,Столбцовский район,5537.2,1,Февраль
Минская,Узденский,Узденский район,5287.6,1,Февраль
Минская,Червенский,Червенский район,4942.4,1,Февраль
Гомельская,Всего,Гомельская область,5901.3,1,Февраль
Гомельская,Гомель,Гомель,6476,1,Февраль
Гомельская,Брагинский,Брагинский район,4490.1,1,Февраль
Гомельская,Буда-Кошелевский,Буда-Кошелевский район,4826.7,1,Февраль
Гомельская,Ветковский,Ветковский район,4782.9,1,Февраль
Гомельская,Гомельский,Гомельский район,5664.3,1,Февраль
Гомельская,Добрушский,Добрушский район,4679.4,1,Февраль
Гомельская,Ельский,Ельский район,4675.3,1,Февраль
Гомельская,Житковичский,Житковичский район,4784.2,1,Февраль
Гомельская,Жлобинский,Жлобинский район,5878,1,Февраль
Гомельская,Калинковичский,Калинковичский район,5390.7,1,Февраль
Гомельская,Кормянский,Кормянский район,4456.5,1,Февраль
Гомельская,Лельчицкий,Лельчицкий район,4485.1,1,Февраль
Гомельская,Лоевский,Лоевский район,4236.3,1,Февраль
Гомельская,Мозырский,Мозырский район,6467.4,1,Февраль
Гомельская,Наровлянский,Наровлянский район,4975.9,1,Февраль
Гомельская,Октябрьский,Октябрьский район,4446.4,1,Февраль
Гомельская,Петриковский,Петриковский район,4377.5,1,Февраль
Гомельская,Речицкий,Речицкий район,6557.1,1,Февраль
Гомельская,Рогачевский,Рогачевский район,4932.6,1,Февраль
Гомельская,Светлогорский,Светлогорский район,5944.4,1,Февраль
Гомельская,Хойникский,Хойникский район,4496.8,1,Февраль
Гомельская,Чечерский,Чечерский район,4608.1,1,Февраль
РБ,Всего,Республика Беларусь,7094.5,2,Март
Минск,Минск,Минск,10509.8,2,Март
Минская,Всего,Минская область,6850.1,2,Март
Минская,Жодино,Жодино,6886.1,2,Март
Минская,Березинский,Березинский район,5150.9,2,Март
Минская,Борисовский,Борисовский район,5887.6,2,Март
Минская,Вилейский,Вилейский район,5404.2,2,Март
Минская,Воложинский,Воложинский район,5123.2,2,Март
Минская,Дзержинский,Дзержинский район,7356.2,2,Март
Минская,Клецкий,Клецкий район,5176,2,Март
Минская,Копыльский,Копыльский район,4823.1,2,Март
Минская,Крупский,Крупский район,5205.3,2,Март
Минская,Логойский,Логойский район,6246.4,2,Март
Минская,Любанский,Любанский район,4910.4,2,Март
Минская,Минский,Минский район,8347.1,2,Март
Минская,Молодечненский,Молодечненский район,6029.5,2,Март
Минская,Мядельский,Мядельский район,5571.7,2,Март
Минская,Несвижский,Несвижский район,6327.5,2,Март
Минская,Пуховичский,Пуховичский район,6176.4,2,Март
Минская,Слуцкий,Слуцкий район,5595.6,2,Март
Минская,Смолевичский,Смолевичский район,6896.1,2,Март
Минская,Солигорский,Солигорский район,10405.6,2,Март
Минская,Стародорожский,Стародорожский район,5238.5,2,Март
Минская,Столбцовский,Столбцовский район,5938.2,2,Март
Минская,Узденский,Узденский район,5761.6,2,Март
Минская,Червенский,Червенский район,5337.3,2,Март
Брестская,Всего,Брестская область,5995.2,2,Март
Брестская,Брест,Брест,7008.2,2,Март
Брестская,Барановичи,Барановичи,6128.1,2,Март
Брестская,Пинск,Пинск,5647,2,Март
Брестская,Барановичский,Барановичский район,5678.3,2,Март
Брестская,Березовский,Березовский район,6197.4,2,Март
Брестская,Брестский,Брестский район,5693.8,2,Март
Брестская,Ганцевичский,Ганцевичский район,4816.4,2,Март
Брестская,Дрогичинский,Дрогичинский район,4961.7,2,Март
Брестская,Жабинковский,Жабинковский район,5869.6,2,Март
Брестская,Ивановский,Ивановский район,5322.4,2,Март
Брестская,Ивацевичский,Ивацевичский район,5467,2,Март
Брестская,Каменецкий,Каменецкий район,5609.1,2,Март
Брестская,Кобринский,Кобринский район,5684.7,2,Март
Брестская,Лунинецкий,Лунинецкий район,5659.7,2,Март
Брестская,Ляховичский,Ляховичский район,5307,2,Март
Брестская,Малоритский,Малоритский район,4940.1,2,Март
Брестская,Пинский,Пинский район,4959.9,2,Март
Брестская,Пружанский,Пружанский район,5803.2,2,Март
Брестская,Столинский,Столинский район,4615.9,2,Март
Витебская,Всего,Витебская область,5961.1,2,Март
Витебская,Витебск,Витебск,6580.2,2,Март
Витебская,Новополоцк,Новополоцк,7962,2,Март
Витебская,Бешенковичский,Бешенковичский район,4625.3,2,Март
Витебская,Браславский,Браславский район,4496.8,2,Март
Витебская,Верхнедвинский,Верхнедвинский район,5340.1,2,Март
Витебская,Витебский,Витебский район,5522.3,2,Март
Витебская,Глубокский,Глубокский район,5015.2,2,Март
Витебская,Городокский,Городокский район,4758.4,2,Март
Витебская,Докшицкий,Докшицкий район,4953.5,2,Март
Витебская,Дубровенский,Дубровенский район,5135.4,2,Март
Витебская,Лепельский,Лепельский район,5179.8,2,Март
Витебская,Лиозненский,Лиозненский район,4540,2,Март
Витебская,Миорский,Миорский район,4628.9,2,Март
Витебская,Оршанский,Оршанский район,5784.1,2,Март
Витебская,Полоцкий,Полоцкий район,6106.7,2,Март
Витебская,Поставский,Поставский район,4885.7,2,Март
Витебская,Россонский,Россонский район,5007.9,2,Март
Витебская,Сенненский,Сенненский район,4631.9,2,Март
Витебская,Толочинский,Толочинский район,5058.4,2,Март
Витебская,Ушачский,Ушачский район,4368.2,2,Март
Витебская,Чашникский,Чашникский район,5748.1,2,Март
Витебская,Шарковщинский,Шарковщинский район,4187.6,2,Март
Витебская,Шумилинский,Шумилинский район,4549.4,2,Март
Гомельская,Всего,Гомельская область,6206.4,2,Март
Гомельская,Гомель,Гомель,6745.4,2,Март
Гомельская,Брагинский,Брагинский район,4650.4,2,Март
Гомельская,Буда-Кошелевский,Буда-Кошелевский район,5238.7,2,Март
Гомельская,Ветковский,Ветковский район,4914.3,2,Март
Гомельская,Гомельский,Гомельский район,5847.3,2,Март
Гомельская,Добрушский,Добрушский район,4942,2,Март
Гомельская,Ельский,Ельский район,4893.7,2,Март
Гомельская,Житковичский,Житковичский район,5144.3,2,Март
Гомельская,Жлобинский,Жлобинский район,6128.8,2,Март
Гомельская,Калинковичский,Калинковичский район,5718.7,2,Март
Гомельская,Кормянский,Кормянский район,4478.3,2,Март
Гомельская,Лельчицкий,Лельчицкий район,4638.6,2,Март
Гомельская,Лоевский,Лоевский район,4479.8,2,Март
Гомельская,Мозырский,Мозырский район,6780.3,2,Март
Гомельская,Наровлянский,Наровлянский район,5087.7,2,Март
Гомельская,Октябрьский,Октябрьский район,4801.8,2,Март
Гомельская,Петриковский,Петриковский район,4742.2,2,Март
Гомельская,Речицкий,Речицкий район,7056.9,2,Март
Гомельская,Рогачевский,Рогачевский район,5179.8,2,Март
Гомельская,Светлогорский,Светлогорский район,6466.9,2,Март
Гомельская,Хойникский,Хойникский район,4773.3,2,Март
Гомельская,Чечерский,Чечерский район,5061.7,2,Март
Гродненская,Всего,Гродненская область,6003,2,Март
Гродненская,Гродно,Гродно,7074.8,2,Март
Гродненская,Берестовицкий,Берестовицкий район,5360.8,2,Март
Гродненская,Волковысский,Волковысский район,5712.7,2,Март
Гродненская,Вороновский,Вороновский район,4697.2,2,Март
Гродненская,Гродненский,Гродненский район,6271.1,2,Март
Гродненская,Дятловский,Дятловский район,4819.2,2,Март
Гродненская,Зельвенский,Зельвенский район,4730.1,2,Март
Гродненская,Ивьевский,Ивьевский район,4742,2,Март
Гродненская,Кореличский,Кореличский район,4705.9,2,Март
Гродненская,Лидский,Лидский район,5746.3,2,Март
Гродненская,Мостовский,Мостовский район,4600.8,2,Март
Гродненская,Новогрудский,Новогрудский район,5243,2,Март
Гродненская,Островецкий,Островецкий район,6412.8,2,Март
Гродненская,Ошмянский,Ошмянский район,5400.8,2,Март
Гродненская,Свислочский,Свислочский район,4616.8,2,Март
Гродненская,Слонимский,Слонимский район,5196.6,2,Март
Гродненская,Сморгонский,Сморгонский район,5672.4,2,Март
Гродненская,Щучинский,Щучинский район,5224.8,2,Март
Могилевская,Всего,Могилевская область,5879.4,2,Март
Могилевская,Могилев,Могилев,6574.1,2,Март
Могилевская,Бобруйск,Бобруйск,6030.8,2,Март
Могилевская,Белыничский,Белыничский район,5676.1,2,Март
Могилевская,Бобруйский,Бобруйский район,4468.7,2,Март
Могилевская,Быховский,Быховский район,4915.9,2,Март
Могилевская,Глусский,Глусский район,4750.8,2,Март
Могилевская,Горецкий,Горецкий район,4927.1,2,Март
Могилевская,Дрибинский,Дрибинский район,5114.4,2,Март
Могилевская,Кировский,Кировский район,4824.2,2,Март
Могилевская,Климовичский,Климовичский район,5086.5,2,Март
Могилевская,Кличевский,Кличевский район,5079.8,2,Март
Могилевская,Костюковичский,Костюковичский район,5875.7,2,Март
Могилевская,Краснопольский,Краснопольский район,4935.5,2,Март
Могилевская,Кричевский,Кричевский район,5520.3,2,Март
Могилевская,Круглянский,Круглянский район,5304.2,2,Март
Могилевская,Могилевский,Могилевский район,5887,2,Март
Могилевская,Мстиславский,Мстиславский район,4562.7,2,Март
Могилевская,Осиповичский,Осиповичский район,5844.4,2,Март
Могилевская,Славгородский,Славгородский район,4733.6,2,Март
Могилевская,Хотимский,Хотимский район,4614.3,2,Март
Могилевская,Чаусский,Чаусский район,4776.7,2,Март
Могилевская,Чериковский,Чериковский район,4865.9,2,Март
Могилевская,Шкловский,Шкловский район,5671.3,2,Март
РБ,Всего,Республика Беларусь,7086,3,Апрель
Минск,Минск,Минск,9928.5,3,Апрель
Могилевская,Всего,Могилевская область,5996.8,3,Апрель
Могилевская,Могилев,Могилев,6628,3,Апрель
Могилевская,Бобруйск,Бобруйск,6108.9,3,Апрель
Могилевская,Белыничский,Белыничский район,5950.1,3,Апрель
Могилевская,Бобруйский,Бобруйский район,4688,3,Апрель
Могилевская,Быховский,Быховский район,5133.9,3,Апрель
Могилевская,Глусский,Глусский район,4834.3,3,Апрель
Могилевская,Горецкий,Горецкий район,5217.6,3,Апрель
Могилевская,Дрибинский,Дрибинский район,5348.5,3,Апрель
Могилевская,Кировский,Кировский район,5025.8,3,Апрель
Могилевская,Климовичский,Климовичский район,5272,3,Апрель
Могилевская,Кличевский,Кличевский район,5270.3,3,Апрель
Могилевская,Костюковичский,Костюковичский район,5875,3,Апрель
Могилевская,Краснопольский,Краснопольский район,5087.7,3,Апрель
Могилевская,Кричевский,Кричевский район,5539.7,3,Апрель
Могилевская,Круглянский,Круглянский район,5377,3,Апрель
Могилевская,Могилевский,Могилевский район,6098.6,3,Апрель
Могилевская,Мстиславский,Мстиславский район,4681.3,3,Апрель
Могилевская,Осиповичский,Осиповичский район,6161.9,3,Апрель
Могилевская,Славгородский,Славгородский район,4972.6,3,Апрель
Могилевская,Хотимский,Хотимский район,4806.9,3,Апрель
Могилевская,Чаусский,Чаусский район,4896.6,3,Апрель
Могилевская,Чериковский,Чериковский район,5003.7,3,Апрель
Могилевская,Шкловский,Шкловский район,5794,3,Апрель
Брестская,Всего,Брестская область,6086.7,3,Апрель
Брестская,Брест,Брест,7027.6,3,Апрель
Брестская,Барановичи,Барановичи,6161.9,3,Апрель
Брестская,Пинск,Пинск,5670.4,3,Апрель
Брестская,Барановичский,Барановичский район,5764.2,3,Апрель
Брестская,Березовский,Березовский район,6231.6,3,Апрель
Брестская,Брестский,Брестский район,5779.1,3,Апрель
Брестская,Ганцевичский,Ганцевичский район,5034.3,3,Апрель
Брестская,Дрогичинский,Дрогичинский район,5007.3,3,Апрель
Брестская,Жабинковский,Жабинковский район,5926.8,3,Апрель
Брестская,Ивановский,Ивановский район,5424.1,3,Апрель
Брестская,Ивацевичский,Ивацевичский район,5701,3,Апрель
Брестская,Каменецкий,Каменецкий район,5954.1,3,Апрель
Брестская,Кобринский,Кобринский район,5956.6,3,Апрель
Брестская,Лунинецкий,Лунинецкий район,5785.6,3,Апрель
Брестская,Ляховичский,Ляховичский район,5561.9,3,Апрель
Брестская,Малоритский,Малоритский район,5092.2,3,Апрель
Брестская,Пинский,Пинский район,5028.9,3,Апрель
Брестская,Пружанский,Пружанский район,5827.1,3,Апрель
Брестская,Столинский,Столинский район,4935.2,3,Апрель
Минская,Всего,Минская область,7126.9,3,Апрель
Минская,Жодино,Жодино,7020.7,3,Апрель
Минская,Березинский,Березинский район,5453.1,3,Апрель
Минская,Борисовский,Борисовский район,5970.8,3,Апрель
Минская,Вилейский,Вилейский район,5657,3,Апрель
Минская,Воложинский,Воложинский район,5520,3,Апрель
Минская,Дзержинский,Дзержинский район,7307.5,3,Апрель
Минская,Клецкий,Клецкий район,5303.4,3,Апрель
Минская,Копыльский,Копыльский район,5256.6,3,Апрель
Минская,Крупский,Крупский район,5936.8,3,Апрель
Минская,Логойский,Логойский район,6479.5,3,Апрель
Минская,Любанский,Любанский район,5157.6,3,Апрель
Минская,Минский,Минский район,8588,3,Апрель
Минская,Молодечненский,Молодечненский район,6272.8,3,Апрель
Минская,Мядельский,Мядельский район,5880,3,Апрель
Минская,Несвижский,Несвижский район,6873.7,3,Апрель
Минская,Пуховичский,Пуховичский район,6349.6,3,Апрель
Минская,Слуцкий,Слуцкий район,6010.6,3,Апрель
Минская,Смолевичский,Смолевичский район,6946.9,3,Апрель
Минская,Солигорский,Солигорский район,10956.1,3,Апрель
Минская,Стародорожский,Стародорожский район,5655.3,3,Апрель
Минская,Столбцовский,Столбцовский район,6151.9,3,Апрель
Минская,Узденский,Узденский район,5996.9,3,Апрель
Минская,Червенский,Червенский район,5555.9,3,Апрель
Витебская,Всего,Витебская область,6048.9,3,Апрель
Витебская,Витебск,Витебск,6584.9,3,Апрель
Витебская,Новополоцк,Новополоцк,8023.1,3,Апрель
Витебская,Бешенковичский,Бешенковичский район,4687.3,3,Апрель
Витебская,Браславский,Браславский район,4736.8,3,Апрель
Витебская,Верхнедвинский,Верхнедвинский район,5474.5,3,Апрель
Витебская,Витебский,Витебский район,5548.4,3,Апрель
Витебская,Глубокский,Глубокский район,5196.1,3,Апрель
Витебская,Городокский,Городокский район,4842.4,3,Апрель
Витебская,Докшицкий,Докшицкий район,5120.4,3,Апрель
Витебская,Дубровенский,Дубровенский район,5491.2,3,Апрель
Витебская,Лепельский,Лепельский район,5186.6,3,Апрель
Витебская,Лиозненский,Лиозненский район,4811.2,3,Апрель
Витебская,Миорский,Миорский район,4587.9,3,Апрель
Витебская,Оршанский,Оршанский район,5914.1,3,Апрель
Витебская,Полоцкий,Полоцкий район,6202.7,3,Апрель
Витебская,Поставский,Поставский район,4981.9,3,Апрель
Витебская,Россонский,Россонский район,5100,3,Апрель
Витебская,Сенненский,Сенненский район,4732.4,3,Апрель
Витебская,Толочинский,Толочинский район,5534.3,3,Апрель
Витебская,Ушачский,Ушачский район,4491,3,Апрель
Витебская,Чашникский,Чашникский район,5894.9,3,Апрель
Витебская,Шарковщинский,Шарковщинский район,4293.8,3,Апрель
Витебская,Шумилинский,Шумилинский район,4702.7,3,Апрель
Гомельская,Всего,Гомельская область,6350.3,3,Апрель
Гомельская,Гомель,Гомель,6893,3,Апрель
Гомельская,Брагинский,Брагинский район,4832.6,3,Апрель
Гомельская,Буда-Кошелевский,Буда-Кошелевский район,5301.6,3,Апрель
Гомельская,Ветковский,Ветковский район,5130.9,3,Апрель
Гомельская,Гомельский,Гомельский район,6307.1,3,Апрель
Гомельская,Добрушский,Добрушский район,5108.6,3,Апрель
Гомельская,Ельский,Ельский район,4950.3,3,Апрель
Гомельская,Житковичский,Житковичский район,5127.6,3,Апрель
Гомельская,Жлобинский,Жлобинский район,6096.5,3,Апрель
Гомельская,Калинковичский,Калинковичский район,5714.3,3,Апрель
Гомельская,Кормянский,Кормянский район,4593.3,3,Апрель
Гомельская,Лельчицкий,Лельчицкий район,4823.7,3,Апрель
Гомельская,Лоевский,Лоевский район,4571,3,Апрель
Гомельская,Мозырский,Мозырский район,7084.2,3,Апрель
Гомельская,Наровлянский,Наровлянский район,5171.6,3,Апрель
Гомельская,Октябрьский,Октябрьский район,4857.9,3,Апрель
Гомельская,Петриковский,Петриковский район,4865.6,3,Апрель
Гомельская,Речицкий,Речицкий район,7274.4,3,Апрель
Гомельская,Рогачевский,Рогачевский район,5447.3,3,Апрель
Гомельская,Светлогорский,Светлогорский район,6508.7,3,Апрель
Гомельская,Хойникский,Хойникский район,4947.8,3,Апрель
Гомельская,Чечерский,Чечерский район,5003,3,Апрель
Гродненская,Всего,Гродненская область,6116.8,3,Апрель
Гродненская,Гродно,Гродно,7131.7,3,Апрель
Гродненская,Берестовицкий,Берестовицкий район,5765.1,3,Апрель
Гродненская,Волковысский,Волковысский район,5841.9,3,Апрель
Гродненская,Вороновский,Вороновский район,4861.1,3,Апрель
Гродненская,Гродненский,Гродненский район,6386.4,3,Апрель
Гродненская,Дятловский,Дятловский район,5047.3,3,Апрель
Гродненская,Зельвенский,Зельвенский район,5095.7,3,Апрель
Гродненская,Ивьевский,Ивьевский район,4965.5,3,Апрель
Гродненская,Кореличский,Кореличский район,5085.4,3,Апрель
Гродненская,Лидский,Лидский район,5681.9,3,Апрель
Гродненская,Мостовский,Мостовский район,4956.8,3,Апрель
Гродненская,Новогрудский,Новогрудский район,5284.2,3,Апрель
Гродненская,Островецкий,Островецкий район,6123.3,3,Апрель
Гродненская,Ошмянский,Ошмянский район,5557.5,3,Апрель
Гродненская,Свислочский,Свислочский район,5137.7,3,Апрель
Гродненская,Слонимский,Слонимский район,5608.2,3,Апрель
Гродненская,Сморгонский,Сморгонский район,5828.6,3,Апрель
Гродненская,Щучинский,Щучинский район,5330.4,3,Апрель
РБ,Всего,Республика Беларусь,7182.9,4,Май
Минск,Минск,Минск,10069.7,4,Май
Могилевская,Всего,Могилевская область,6108.8,4,Май
Могилевская,Могилев,Могилев,6721.2,4,Май
Могилевская,Бобруйск,Бобруйск,6212.3,4,Май
Могилевская,Белыничский,Белыничский район,6238.3,4,Май
Могилевская,Бобруйский,Бобруйский район,4822.3,4,Май
Могилевская,Быховский,Быховский район,5213.4,4,Май
Могилевская,Глусский,Глусский район,4992.6,4,Май
Могилевская,Горецкий,Горецкий район,5367.9,4,Май
Могилевская,Дрибинский,Дрибинский район,5427.9,4,Май
Могилевская,Кировский,Кировский район,5102.1,4,Май
Могилевская,Климовичский,Климовичский район,5453.5,4,Май
Могилевская,Кличевский,Кличевский район,5403.8,4,Май
Могилевская,Костюковичский,Костюковичский район,5947.1,4,Май
Могилевская,Краснопольский,Краснопольский район,5200.4,4,Май
Могилевская,Кричевский,Кричевский район,5719.5,4,Май
Могилевская,Круглянский,Круглянский район,5529.7,4,Май
Могилевская,Могилевский,Могилевский район,6242,4,Май
Могилевская,Мстиславский,Мстиславский район,4901.5,4,Май
Могилевская,Осиповичский,Осиповичский район,6107.5,4,Май
Могилевская,Славгородский,Славгородский район,5188.8,4,Май
Могилевская,Хотимский,Хотимский район,5018.8,4,Май
Могилевская,Чаусский,Чаусский район,5111.8,4,Май
Могилевская,Чериковский,Чериковский район,5094.5,4,Май
Могилевская,Шкловский,Шкловский район,5971.1,4,Май
Брестская,Всего,Брестская область,6138.3,4,Май
Брестская,Брест,Брест,7035.8,4,Май
Брестская,Барановичи,Барановичи,6321.4,4,Май
Брестская,Пинск,Пинск,5708.7,4,Май
Брестская,Барановичский,Барановичский район,5705.2,4,Май
Брестская,Березовский,Березовский район,6239.8,4,Май
Брестская,Брестский,Брестский район,5945.5,4,Май
Брестская,Ганцевичский,Ганцевичский район,5133.3,4,Май
Брестская,Дрогичинский,Дрогичинский район,5190.3,4,Май
Брестская,Жабинковский,Жабинковский район,5932.8,4,Май
Брестская,Ивановский,Ивановский район,5514.1,4,Май
Брестская,Ивацевичский,Ивацевичский район,5720.5,4,Май
Брестская,Каменецкий,Каменецкий район,6048.3,4,Май
Брестская,Кобринский,Кобринский район,5911.1,4,Май
Брестская,Лунинецкий,Лунинецкий район,5733.5,4,Май
Брестская,Ляховичский,Ляховичский район,5588.9,4,Май
Брестская,Малоритский,Малоритский район,5151.2,4,Май
Брестская,Пинский,Пинский район,5300.6,4,Май
Брестская,Пружанский,Пружанский район,5970.2,4,Май
Брестская,Столинский,Столинский район,4990,4,Май
Минская,Всего,Минская область,7209.1,4,Май
Минская,Жодино,Жодино,6869.5,4,Май
Минская,Березинский,Березинский район,5585.5,4,Май
Минская,Борисовский,Борисовский район,6129.4,4,Май
Минская,Вилейский,Вилейский район,5655.2,4,Май
Минская,Воложинский,Воложинский район,5716.9,4,Май
Минская,Дзержинский,Дзержинский район,7531.5,4,Май
Минская,Клецкий,Клецкий район,5513.8,4,Май
Минская,Копыльский,Копыльский район,5468.3,4,Май
Минская,Крупский,Крупский район,5565.5,4,Май
Минская,Логойский,Логойский район,6618.7,4,Май
Минская,Любанский,Любанский район,5472.5,4,Май
Минская,Минский,Минский район,8661.1,4,Май
Минская,Молодечненский,Молодечненский район,6279.2,4,Май
Минская,Мядельский,Мядельский район,5930.6,4,Май
Минская,Несвижский,Несвижский район,6763.3,4,Май
Минская,Пуховичский,Пуховичский район,6528.4,4,Май
Минская,Слуцкий,Слуцкий район,5919.8,4,Май
Минская,Смолевичский,Смолевичский район,7145,4,Май
Минская,Солигорский,Солигорский район,11102.9,4,Май
Минская,Стародорожский,Стародорожский район,5706.9,4,Май
Минская,Столбцовский,Столбцовский район,6236.2,4,Май
Минская,Узденский,Узденский район,6065.4,4,Май
Минская,Червенский,Червенский район,5696.1,4,Май
Витебская,Всего,Витебская область,6229.2,4,Май
Витебская,Витебск,Витебск,6667.3,4,Май
Витебская,Новополоцк,Новополоцк,8656.1,4,Май
Витебская,Бешенковичский,Бешенковичский район,4866,4,Май
Витебская,Браславский,Браславский район,4971.6,4,Май
Витебская,Верхнедвинский,Верхнедвинский район,5944.1,4,Май
Витебская,Витебский,Витебский район,5787.5,4,Май
Витебская,Глубокский,Глубокский район,5266.1,4,Май
Витебская,Городокский,Городокский район,4966.2,4,Май
Витебская,Докшицкий,Докшицкий район,5136.9,4,Май
Витебская,Дубровенский,Дубровенский район,5873.5,4,Май
Витебская,Лепельский,Лепельский район,5307.7,4,Май
Витебская,Лиозненский,Лиозненский район,4792.8,4,Май
Витебская,Миорский,Миорский район,5336.2,4,Май
Витебская,Оршанский,Оршанский район,5873,4,Май
Витебская,Полоцкий,Полоцкий район,6400.1,4,Май
Витебская,Поставский,Поставский район,5050.8,4,Май
Витебская,Россонский,Россонский район,5243.5,4,Май
Витебская,Сенненский,Сенненский район,5451,4,Май
Витебская,Толочинский,Толочинский район,5622.5,4,Май
Витебская,Ушачский,Ушачский район,4798,4,Май
Витебская,Чашникский,Чашникский район,5911.4,4,Май
Витебская,Шарковщинский,Шарковщинский район,4542,4,Май
Витебская,Шумилинский,Шумилинский район,4814.4,4,Май
Гомельская,Всего,Гомельская область,6329.3,4,Май
Гомельская,Гомель,Гомель,6773.1,4,Май
Гомельская,Брагинский,Брагинский район,4778.6,4,Май
Гомельская,Буда-Кошелевский,Буда-Кошелевский район,5239.2,4,Май
Гомельская,Ветковский,Ветковский район,5081.6,4,Май
Гомельская,Гомельский,Гомельский район,6026.5,4,Май
Гомельская,Добрушский,Добрушский район,5008,4,Май
Гомельская,Ельский,Ельский район,4982.2,4,Май
Гомельская,Житковичский,Житковичский район,5139.9,4,Май
Гомельская,Жлобинский,Жлобинский район,6374.9,4,Май
Гомельская,Калинковичский,Калинковичский район,5792.9,4,Май
Гомельская,Кормянский,Кормянский район,4646.4,4,Май
Гомельская,Лельчицкий,Лельчицкий район,4827.7,4,Май
Гомельская,Лоевский,Лоевский район,4634.5,4,Май
Гомельская,Мозырский,Мозырский район,7009.6,4,Май
Гомельская,Наровлянский,Наровлянский район,5167.7,4,Май
Гомельская,Октябрьский,Октябрьский район,4879.5,4,Май
Гомельская,Петриковский,Петриковский район,4930.4,4,Май
Гомельская,Речицкий,Речицкий район,7451.4,4,Май
Гомельская,Рогачевский,Рогачевский район,5304.6,4,Май
Гомельская,Светлогорский,Светлогорский район,6585.2,4,Май
Гомельская,Хойникский,Хойникский район,5071.2,4,Май
Гомельская,Чечерский,Чечерский район,5215.9,4,Май
Гродненская,Всего,Гродненская область,6259.5,4,Май
Гродненская,Гродно,Гродно,7383.6,4,Май
Гродненская,Берестовицкий,Берестовицкий район,5905.6,4,Май
Гродненская,Волковысский,Волковысский район,5842.2,4,Май
Гродненская,Вороновский,Вороновский район,5024.6,4,Май
Гродненская,Гродненский,Гродненский район,6650.6,4,Май
Гродненская,Дятловский,Дятловский район,5194.9,4,Май
Гродненская,Зельвенский,Зельвенский район,5163.1,4,Май
Гродненская,Ивьевский,Ивьевский район,5051.9,4,Май
Гродненская,Кореличский,Кореличский район,5138.3,4,Май
Гродненская,Лидский,Лидский район,5790.5,4,Май
Гродненская,Мостовский,Мостовский район,5140.7,4,Май
Гродненская,Новогрудский,Новогрудский район,5257.4,4,Май
Гродненская,Островецкий,Островецкий район,6514.6,4,Май
Гродненская,Ошмянский,Ошмянский район,5747.3,4,Май
Гродненская,Свислочский,Свислочский район,5163.1,4,Май
Гродненская,Слонимский,Слонимский район,5392,4,Май
Гродненская,Сморгонский,Сморгонский район,5919.2,4,Май
Гродненская,Щучинский,Щучинский район,5377.4,4,Май
РБ,Всего,Республика Беларусь,7387.4,5,Июнь
Минск,Минск,Минск,10454.8,5,Июнь
Минская,Всего,Минская область,7388.2,5,Июнь
Минская,Жодино,Жодино,7409.7,5,Июнь
Минская,Березинский,Березинский район,5867.3,5,Июнь
Минская,Борисовский,Борисовский район,6320.5,5,Июнь
Минская,Вилейский,Вилейский район,5997,5,Июнь
Минская,Воложинский,Воложинский район,6011.5,5,Июнь
Минская,Дзержинский,Дзержинский район,8135.4,5,Июнь
Минская,Клецкий,Клецкий район,5480.6,5,Июнь
Минская,Копыльский,Копыльский район,5772.6,5,Июнь
Минская,Крупский,Крупский район,5897.8,5,Июнь
Минская,Логойский,Логойский район,6841.1,5,Июнь
Минская,Любанский,Любанский район,5646.5,5,Июнь
Минская,Минский,Минский район,9029.7,5,Июнь
Минская,Молодечненский,Молодечненский район,6505.8,5,Июнь
Минская,Мядельский,Мядельский район,6099.1,5,Июнь
Минская,Несвижский,Несвижский район,6923.9,5,Июнь
Минская,Пуховичский,Пуховичский район,6593.3,5,Июнь
Минская,Слуцкий,Слуцкий район,6068.3,5,Июнь
Минская,Смолевичский,Смолевичский район,7440.3,5,Июнь
Минская,Солигорский,Солигорский район,10651.2,5,Июнь
Минская,Стародорожский,Стародорожский район,5931.2,5,Июнь
Минская,Столбцовский,Столбцовский район,6425,5,Июнь
Минская,Узденский,Узденский район,6224.9,5,Июнь
Минская,Червенский,Червенский район,6035.1,5,Июнь
Минская,Всего,Минская область,754.3,6,Июль
Минская,Жодино,Жодино,771.8,6,Июль
Минская,Березинский,Березинский район,608.9,6,Июль
Минская,Борисовский,Борисовский район,635.5,6,Июль
Минская,Вилейский,Вилейский район,603.2,6,Июль
Минская,Воложинский,Воложинский район,614.8,6,Июль
Минская,Дзержинский,Дзержинский район,812.7,6,Июль
Минская,Клецкий,Клецкий район,586.6,6,Июль
Минская,Копыльский,Копыльский район,613.7,6,Июль
Минская,Крупский,Крупский район,634.1,6,Июль
Минская,Логойский,Логойский район,721.4,6,Июль
Минская,Любанский,Любанский район,591.7,6,Июль
Минская,Минский,Минский район,923.6,6,Июль
Минская,Молодечненский,Молодечненский район,653.8,6,Июль
Минская,Мядельский,Мядельский район,616.4,6,Июль
Минская,Несвижский,Несвижский район,749.5,6,Июль
Минская,Пуховичский,Пуховичский район,677.4,6,Июль
Минская,Слуцкий,Слуцкий район,641.1,6,Июль
Минская,Смолевичский,Смолевичский район,759.8,6,Июль
Минская,Солигорский,Солигорский район,1060.1,6,Июль
Минская,Стародорожский,Стародорожский район,621,6,Июль
Минская,Столбцовский,Столбцовский район,651.1,6,Июль
Минская,Узденский,Узденский район,650,6,Июль
Минская,Червенский,Червенский район,615.3,6,Июль
Брестская,Всего,Брестская область,6319.9,5,Июнь
Брестская,Брест,Брест,7236.5,5,Июнь
Брестская,Барановичи,Барановичи,6566.4,5,Июнь
Брестская,Пинск,Пинск,5942.5,5,Июнь
Брестская,Барановичский,Барановичский район,6180.2,5,Июнь
Брестская,Березовский,Березовский район,6358.8,5,Июнь
Брестская,Брестский,Брестский район,6033.4,5,Июнь
Брестская,Ганцевичский,Ганцевичский район,5297.7,5,Июнь
Брестская,Дрогичинский,Дрогичинский район,5334.1,5,Июнь
Брестская,Жабинковский,Жабинковский район,6344.9,5,Июнь
Брестская,Ивановский,Ивановский район,5550.5,5,Июнь
Брестская,Ивацевичский,Ивацевичский район,5923.2,5,Июнь
Брестская,Каменецкий,Каменецкий район,6007.7,5,Июнь
Брестская,Кобринский,Кобринский район,6024.4,5,Июнь
Брестская,Лунинецкий,Лунинецкий район,5790.9,5,Июнь
Брестская,Ляховичский,Ляховичский район,5967.3,5,Июнь
Брестская,Малоритский,Малоритский район,5367.2,5,Июнь
Брестская,Пинский,Пинский район,5298.6,5,Июнь
Брестская,Пружанский,Пружанский район,6063,5,Июнь
Брестская,Столинский,Столинский район,5126.4,5,Июнь
Брестская,Всего,Брестская область,644.5,6,Июль
Брестская,Брест,Брест,729.1,6,Июль
Брестская,Барановичи,Барановичи,661.7,6,Июль
Брестская,Пинск,Пинск,598.5,6,Июль
Брестская,Барановичский,Барановичский район,608,6,Июль
Брестская,Березовский,Березовский район,651.8,6,Июль
Брестская,Брестский,Брестский район,628.1,6,Июль
Брестская,Ганцевичский,Ганцевичский район,532.8,6,Июль
Брестская,Дрогичинский,Дрогичинский район,538.4,6,Июль
Брестская,Жабинковский,Жабинковский район,626.9,6,Июль
Брестская,Ивановский,Ивановский район,571.5,6,Июль
Брестская,Ивацевичский,Ивацевичский район,597.9,6,Июль
Брестская,Каменецкий,Каменецкий район,628.5,6,Июль
Брестская,Кобринский,Кобринский район,633.8,6,Июль
Брестская,Лунинецкий,Лунинецкий район,643.9,6,Июль
Брестская,Ляховичский,Ляховичский район,603.2,6,Июль
Брестская,Малоритский,Малоритский район,564.6,6,Июль
Брестская,Пинский,Пинский район,549.8,6,Июль
Брестская,Пружанский,Пружанский район,626.4,6,Июль
Брестская,Столинский,Столинский район,529.8,6,Июль
Витебская,Всего,Витебская область,6337.6,5,Июнь
Витебская,Витебск,Витебск,6890.5,5,Июнь
Витебская,Новополоцк,Новополоцк,8318.5,5,Июнь
Витебская,Бешенковичский,Бешенковичский район,5025.9,5,Июнь
Витебская,Браславский,Браславский район,4988.2,5,Июнь
Витебская,Верхнедвинский,Верхнедвинский район,6126.3,5,Июнь
Витебская,Витебский,Витебский район,5785,5,Июнь
Витебская,Глубокский,Глубокский район,5606.6,5,Июнь
Витебская,Городокский,Городокский район,5080.2,5,Июнь
Витебская,Докшицкий,Докшицкий район,5353.6,5,Июнь
Витебская,Дубровенский,Дубровенский район,6288.9,5,Июнь
Витебская,Лепельский,Лепельский район,5556.8,5,Июнь
Витебская,Лиозненский,Лиозненский район,5001.2,5,Июнь
Витебская,Миорский,Миорский район,4923.6,5,Июнь
Витебская,Оршанский,Оршанский район,6068.1,5,Июнь
Витебская,Полоцкий,Полоцкий район,6464.8,5,Июнь
Витебская,Поставский,Поставский район,5161,5,Июнь
Витебская,Россонский,Россонский район,5421.6,5,Июнь
Витебская,Сенненский,Сенненский район,5077.1,5,Июнь
Витебская,Толочинский,Толочинский район,5757.1,5,Июнь
Витебская,Ушачский,Ушачский район,5033.3,5,Июнь
Витебская,Чашникский,Чашникский район,6140.2,5,Июнь
Витебская,Шарковщинский,Шарковщинский район,4710.6,5,Июнь
Витебская,Шумилинский,Шумилинский район,4927.8,5,Июнь
Витебская,Всего,Витебская область,639.3,6,Июль
Витебская,Витебск,Витебск,693.3,6,Июль
Витебская,Новополоцк,Новополоцк,858.5,6,Июль
Витебская,Бешенковичский,Бешенковичский район,506.5,6,Июль
Витебская,Браславский,Браславский район,507.7,6,Июль
Витебская,Верхнедвинский,Верхнедвинский район,597.4,6,Июль
Витебская,Витебский,Витебский район,573.9,6,Июль
Витебская,Глубокский,Глубокский район,570.7,6,Июль
Витебская,Городокский,Городокский район,507.7,6,Июль
Витебская,Докшицкий,Докшицкий район,559.5,6,Июль
Витебская,Дубровенский,Дубровенский район,614.4,6,Июль
Витебская,Лепельский,Лепельский район,558.9,6,Июль
Витебская,Лиозненский,Лиозненский район,508.6,6,Июль
Витебская,Миорский,Миорский район,486.7,6,Июль
Витебская,Оршанский,Оршанский район,605.4,6,Июль
Витебская,Полоцкий,Полоцкий район,654.4,6,Июль
Витебская,Поставский,Поставский район,541,6,Июль
Витебская,Россонский,Россонский район,558.6,6,Июль
Витебская,Сенненский,Сенненский район,501.8,6,Июль
Витебская,Толочинский,Толочинский район,607.7,6,Июль
Витебская,Ушачский,Ушачский район,495.3,6,Июль
Витебская,Чашникский,Чашникский район,597.2,6,Июль
Витебская,Шарковщинский,Шарковщинский район,445.7,6,Июль
Витебская,Шумилинский,Шумилинский район,514.5,6,Июль
Гомельская,Всего,Гомельская область,6531.1,5,Июнь
Гомельская,Гомель,Гомель,7081.9,5,Июнь
Гомельская,Брагинский,Брагинский район,4990.2,5,Июнь
Гомельская,Буда-Кошелевский,Буда-Кошелевский район,5405.1,5,Июнь
Гомельская,Ветковский,Ветковский район,5060.4,5,Июнь
Гомельская,Гомельский,Гомельский район,6173.6,5,Июнь
Гомельская,Добрушский,Добрушский район,5042.3,5,Июнь
Гомельская,Ельский,Ельский район,4985.1,5,Июнь
Гомельская,Житковичский,Житковичский район,5427.5,5,Июнь
Гомельская,Жлобинский,Жлобинский район,6416.2,5,Июнь
Гомельская,Калинковичский,Калинковичский район,5872.7,5,Июнь
Гомельская,Кормянский,Кормянский район,4713,5,Июнь
Гомельская,Лельчицкий,Лельчицкий район,5098,5,Июнь
Гомельская,Лоевский,Лоевский район,4592.4,5,Июнь
Гомельская,Мозырский,Мозырский район,6989.5,5,Июнь
Гомельская,Наровлянский,Наровлянский район,5139.5,5,Июнь
Гомельская,Октябрьский,Октябрьский район,5012.8,5,Июнь
Гомельская,Петриковский,Петриковский район,5138,5,Июнь
Гомельская,Речицкий,Речицкий район,7800,5,Июнь
Гомельская,Рогачевский,Рогачевский район,5720.2,5,Июнь
Гомельская,Светлогорский,Светлогорский район,6701.4,5,Июнь
Гомельская,Хойникский,Хойникский район,5150.1,5,Июнь
Гомельская,Чечерский,Чечерский район,5413.5,5,Июнь
Гомельская,Всего,Гомельская область,669.7,6,Июль
Гомельская,Гомель,Гомель,706.6,6,Июль
Гомельская,Брагинский,Брагинский район,559,6,Июль
Гомельская,Буда-Кошелевский,Буда-Кошелевский район,584,6,Июль
Гомельская,Ветковский,Ветковский район,579.1,6,Июль
Гомельская,Гомельский,Гомельский район,663.5,6,Июль
Гомельская,Добрушский,Добрушский район,559.4,6,Июль
Гомельская,Ельский,Ельский район,501,6,Июль
Гомельская,Житковичский,Житковичский район,548.7,6,Июль
Гомельская,Жлобинский,Жлобинский район,653.1,6,Июль
Гомельская,Калинковичский,Калинковичский район,626.6,6,Июль
Гомельская,Кормянский,Кормянский район,516.2,6,Июль
Гомельская,Лельчицкий,Лельчицкий район,525.9,6,Июль
Гомельская,Лоевский,Лоевский район,495,6,Июль
Гомельская,Мозырский,Мозырский район,745.3,6,Июль
Гомельская,Наровлянский,Наровлянский район,522.2,6,Июль
Гомельская,Октябрьский,Октябрьский район,535.7,6,Июль
Гомельская,Петриковский,Петриковский район,531.7,6,Июль
Гомельская,Речицкий,Речицкий район,802.1,6,Июль
Гомельская,Рогачевский,Рогачевский район,587.6,6,Июль
Гомельская,Светлогорский,Светлогорский район,682.4,6,Июль
Гомельская,Хойникский,Хойникский район,540.3,6,Июль
Гомельская,Чечерский,Чечерский район,563.2,6,Июль
Гродненская,Всего,Гродненская область,6372.1,5,Июнь
Гродненская,Гродно,Гродно,7509.2,5,Июнь
Гродненская,Берестовицкий,Берестовицкий район,5860.2,5,Июнь
Гродненская,Волковысский,Волковысский район,6006.7,5,Июнь
Гродненская,Вороновский,Вороновский район,5041.1,5,Июнь
Гродненская,Гродненский,Гродненский район,6603.6,5,Июнь
Гродненская,Дятловский,Дятловский район,5268.2,5,Июнь
Гродненская,Зельвенский,Зельвенский район,5081.9,5,Июнь
Гродненская,Ивьевский,Ивьевский район,5093.5,5,Июнь
Гродненская,Кореличский,Кореличский район,5265.3,5,Июнь
Гродненская,Лидский,Лидский район,5872,5,Июнь
Гродненская,Мостовский,Мостовский район,5183.6,5,Июнь
Гродненская,Новогрудский,Новогрудский район,5569.7,5,Июнь
Гродненская,Островецкий,Островецкий район,6741.7,5,Июнь
Гродненская,Ошмянский,Ошмянский район,5899.7,5,Июнь
Гродненская,Свислочский,Свислочский район,5200.8,5,Июнь
Гродненская,Слонимский,Слонимский район,5508.9,5,Июнь
Гродненская,Сморгонский,Сморгонский район,6083.1,5,Июнь
Гродненская,Щучинский,Щучинский район,5608,5,Июнь
Гродненская,Всего,Гродненская область,640.3,6,Июль
Гродненская,Гродно,Гродно,744.9,6,Июль
Гродненская,Берестовицкий,Берестовицкий район,606.1,6,Июль
Гродненская,Волковысский,Волковысский район,593.5,6,Июль
Гродненская,Вороновский,Вороновский район,519.9,6,Июль
Гродненская,Гродненский,Гродненский район,681.2,6,Июль
Гродненская,Дятловский,Дятловский район,526.7,6,Июль
Гродненская,Зельвенский,Зельвенский район,532.1,6,Июль
Гродненская,Ивьевский,Ивьевский район,510.9,6,Июль
Гродненская,Кореличский,Кореличский район,539.5,6,Июль
Гродненская,Лидский,Лидский район,592.4,6,Июль
Гродненская,Мостовский,Мостовский район,519.5,6,Июль
Гродненская,Новогрудский,Новогрудский район,553.5,6,Июль
Гродненская,Островецкий,Островецкий район,689,6,Июль
Гродненская,Ошмянский,Ошмянский район,591,6,Июль
Гродненская,Свислочский,Свислочский район,525.1,6,Июль
Гродненская,Слонимский,Слонимский район,582.2,6,Июль
Гродненская,Сморгонский,Сморгонский район,609.3,6,Июль
Гродненская,Щучинский,Щучинский район,575.8,6,Июль
Могилевская,Всего,Могилевская область,6258.7,5,Июнь
Могилевская,Могилев,Могилев,6875.7,5,Июнь
Могилевская,Бобруйск,Бобруйск,6388.1,5,Июнь
Могилевская,Белыничский,Белыничский район,6163.3,5,Июнь
Могилевская,Бобруйский,Бобруйский район,5146.1,5,Июнь
Могилевская,Быховский,Быховский район,5556.6,5,Июнь
Могилевская,Глусский,Глусский район,4961.6,5,Июнь
Могилевская,Горецкий,Горецкий район,5526,5,Июнь
Могилевская,Дрибинский,Дрибинский район,5660.8,5,Июнь
Могилевская,Кировский,Кировский район,5341.8,5,Июнь
Могилевская,Климовичский,Климовичский район,5489.1,5,Июнь
Могилевская,Кличевский,Кличевский район,5438.4,5,Июнь
Могилевская,Костюковичский,Костюковичский район,6360.9,5,Июнь
Могилевская,Краснопольский,Краснопольский район,5369.7,5,Июнь
Могилевская,Кричевский,Кричевский район,5853.2,5,Июнь
Могилевская,Круглянский,Круглянский район,5587.2,5,Июнь
Могилевская,Могилевский,Могилевский район,6420,5,Июнь
Могилевская,Мстиславский,Мстиславский район,5067.3,5,Июнь
Могилевская,Осиповичский,Осиповичский район,6169.4,5,Июнь
Могилевская,Славгородский,Славгородский район,5182.7,5,Июнь
Могилевская,Хотимский,Хотимский район,4888.4,5,Июнь
Могилевская,Чаусский,Чаусский район,5289.7,5,Июнь
Могилевская,Чериковский,Чериковский район,5226.2,5,Июнь
Могилевская,Шкловский,Шкловский район,6026.8,5,Июнь
Могилевская,Всего,Могилевская область,638.5,6,Июль
Могилевская,Могилев,Могилев,698.9,6,Июль
Могилевская,Бобруйск,Бобруйск,637.8,6,Июль
Могилевская,Белыничский,Белыничский район,609,6,Июль
Могилевская,Бобруйский,Бобруйский район,513.8,6,Июль
Могилевская,Быховский,Быховский район,564,6,Июль
Могилевская,Глусский,Глусский район,521.8,6,Июль
Могилевская,Горецкий,Горецкий район,575.6,6,Июль
Могилевская,Дрибинский,Дрибинский район,568.1,6,Июль
Могилевская,Кировский,Кировский район,544.6,6,Июль
Могилевская,Климовичский,Климовичский район,552.9,6,Июль
Могилевская,Кличевский,Кличевский район,569.3,6,Июль
Могилевская,Костюковичский,Костюковичский район,648.7,6,Июль
Могилевская,Краснопольский,Краснопольский район,529.2,6,Июль
Могилевская,Кричевский,Кричевский район,626.7,6,Июль
Могилевская,Круглянский,Круглянский район,584.2,6,Июль
Могилевская,Могилевский,Могилевский район,651.4,6,Июль
Могилевская,Мстиславский,Мстиславский район,523.3,6,Июль
Могилевская,Осиповичский,Осиповичский район,653.2,6,Июль
Могилевская,Славгородский,Славгородский район,527.8,6,Июль
Могилевская,Хотимский,Хотимский район,521.2,6,Июль
Могилевская,Чаусский,Чаусский район,558.8,6,Июль
Могилевская,Чериковский,Чериковский район,536.3,6,Июль
Могилевская,Шкловский,Шкловский район,650.3,6,Июль
РБ,Всего,Республика Беларусь,745.8,6,Июль
Минск,Минск,Минск,1037.2,6,Июль
РБ,Всего,Республика Беларусь,750.3,7,Август
Минск,Минск,Минск,1022.8,7,Август
Брестская,Всего,Брестская область,652.7,7,Август
Брестская,Брест,Брест,742.1,7,Август
Брестская,Барановичи,Барановичи,663.4,7,Август
Брестская,Пинск,Пинск,610,7,Август
Брестская,Барановичский,Барановичский район,630.6,7,Август
Брестская,Березовский,Березовский район,658.2,7,Август
Брестская,Брестский,Брестский район,648.8,7,Август
Брестская,Ганцевичский,Ганцевичский район,533,7,Август
Брестская,Дрогичинский,Дрогичинский район,545.1,7,Август
Брестская,Жабинковский,Жабинковский район,655.5,7,Август
Брестская,Ивановский,Ивановский район,574.2,7,Август
Брестская,Ивацевичский,Ивацевичский район,598.9,7,Август
Брестская,Каменецкий,Каменецкий район,667.7,7,Август
Брестская,Кобринский,Кобринский район,617.1,7,Август
Брестская,Лунинецкий,Лунинецкий район,639.2,7,Август
Брестская,Ляховичский,Ляховичский район,628,7,Август
Брестская,Малоритский,Малоритский район,562,7,Август
Брестская,Пинский,Пинский район,557.8,7,Август
Брестская,Пружанский,Пружанский район,634.5,7,Август
Брестская,Столинский,Столинский район,531.1,7,Август
Гомельская,Всего,Гомельская область,674.6,7,Август
Гомельская,Гомель,Гомель,710.8,7,Август
Гомельская,Брагинский,Брагинский район,571.9,7,Август
Гомельская,Буда-Кошелевский,Буда-Кошелевский район,570.9,7,Август
Гомельская,Ветковский,Ветковский район,602.1,7,Август
Гомельская,Гомельский,Гомельский район,646.1,7,Август
Гомельская,Добрушский,Добрушский район,552,7,Август
Гомельская,Ельский,Ельский район,511.5,7,Август
Гомельская,Житковичский,Житковичский район,546.9,7,Август
Гомельская,Жлобинский,Жлобинский район,651,7,Август
Гомельская,Калинковичский,Калинковичский район,623.1,7,Август
Гомельская,Кормянский,Кормянский район,512.2,7,Август
Гомельская,Лельчицкий,Лельчицкий район,537,7,Август
Гомельская,Лоевский,Лоевский район,494.1,7,Август
Гомельская,Мозырский,Мозырский район,741.2,7,Август
Гомельская,Наровлянский,Наровлянский район,554,7,Август
Гомельская,Октябрьский,Октябрьский район,532.2,7,Август
Гомельская,Петриковский,Петриковский район,528.9,7,Август
Гомельская,Речицкий,Речицкий район,832.8,7,Август
Гомельская,Рогачевский,Рогачевский район,581.9,7,Август
Гомельская,Светлогорский,Светлогорский район,716.2,7,Август
Гомельская,Хойникский,Хойникский район,544.5,7,Август
Гомельская,Чечерский,Чечерский район,591.8,7,Август
Гродненская,Всего,Гродненская область,650.6,7,Август
Гродненская,Гродно,Гродно,742.6,7,Август
Гродненская,Берестовицкий,Берестовицкий район,629.7,7,Август
Гродненская,Волковысский,Волковысский район,648,7,Август
Гродненская,Вороновский,Вороновский район,517.2,7,Август
Гродненская,Гродненский,Гродненский район,716.8,7,Август
Гродненская,Дятловский,Дятловский район,558.3,7,Август
Гродненская,Зельвенский,Зельвенский район,543.3,7,Август
Гродненская,Ивьевский,Ивьевский район,514,7,Август
Гродненская,Кореличский,Кореличский район,577.6,7,Август
Гродненская,Лидский,Лидский район,600.6,7,Август
Гродненская,Мостовский,Мостовский район,544.3,7,Август
Гродненская,Новогрудский,Новогрудский район,573.7,7,Август
Гродненская,Островецкий,Островецкий район,682.2,7,Август
Гродненская,Ошмянский,Ошмянский район,600.6,7,Август
Гродненская,Свислочский,Свислочский район,545.7,7,Август
Гродненская,Слонимский,Слонимский район,556.8,7,Август
Гродненская,Сморгонский,Сморгонский район,620.5,7,Август
Гродненская,Щучинский,Щучинский район,600.1,7,Август
Могилевская,Всего,Могилевская область,645.3,7,Август
Могилевская,Могилев,Могилев,702.6,7,Август
Могилевская,Бобруйск,Бобруйск,652.2,7,Август
Могилевская,Белыничский,Белыничский район,638.1,7,Август
Могилевская,Бобруйский,Бобруйский район,530.7,7,Август
Могилевская,Быховский,Быховский район,562.3,7,Август
Могилевская,Глусский,Глусский район,522.4,7,Август
Могилевская,Горецкий,Горецкий район,553.4,7,Август
Могилевская,Дрибинский,Дрибинский район,553.8,7,Август
Могилевская,Кировский,Кировский район,539.1,7,Август
Могилевская,Климовичский,Климовичский район,575.4,7,Август
Могилевская,Кличевский,Кличевский район,544.1,7,Август
Могилевская,Костюковичский,Костюковичский район,682.7,7,Август
Могилевская,Краснопольский,Краснопольский район,516.4,7,Август
Могилевская,Кричевский,Кричевский район,638.3,7,Август
Могилевская,Круглянский,Круглянский район,601.1,7,Август
Могилевская,Могилевский,Могилевский район,687.7,7,Август
Могилевская,Мстиславский,Мстиславский район,530.7,7,Август
Могилевская,Осиповичский,Осиповичский район,645.7,7,Август
Могилевская,Славгородский,Славгородский район,550,7,Август
Могилевская,Хотимский,Хотимский район,529.9,7,Август
Могилевская,Чаусский,Чаусский район,557.6,7,Август
Могилевская,Чериковский,Чериковский район,545.7,7,Август
Могилевская,Шкловский,Шкловский район,639.8,7,Август
Витебская,Всего,Витебская область,647.9,7,Август
Витебская,Витебск,Витебск,696,7,Август
Витебская,Новополоцк,Новополоцк,867.1,7,Август
Витебская,Бешенковичский,Бешенковичский район,505.8,7,Август
Витебская,Браславский,Браславский район,509.2,7,Август
Витебская,Верхнедвинский,Верхнедвинский район,626.3,7,Август
Витебская,Витебский,Витебский район,630.9,7,Август
Витебская,Глубокский,Глубокский район,577.1,7,Август
Витебская,Городокский,Городокский район,514.9,7,Август
Витебская,Докшицкий,Докшицкий район,563.7,7,Август
Витебская,Дубровенский,Дубровенский район,631.2,7,Август
Витебская,Лепельский,Лепельский район,581.1,7,Август
Витебская,Лиозненский,Лиозненский район,529.7,7,Август
Витебская,Миорский,Миорский район,502.3,7,Август
Витебская,Оршанский,Оршанский район,610.8,7,Август
Витебская,Полоцкий,Полоцкий район,659.4,7,Август
Витебская,Поставский,Поставский район,550.2,7,Август
Витебская,Россонский,Россонский район,569.1,7,Август
Витебская,Сенненский,Сенненский район,526.9,7,Август
Витебская,Толочинский,Толочинский район,593.2,7,Август
Витебская,Ушачский,Ушачский район,495.1,7,Август
Витебская,Чашникский,Чашникский район,616.3,7,Август
Витебская,Шарковщинский,Шарковщинский район,459.1,7,Август
Витебская,Шумилинский,Шумилинский район,534.9,7,Август
Минская,Всего,Минская область,771.8,7,Август
Минская,Жодино,Жодино,784.2,7,Август
Минская,Березинский,Березинский район,594.9,7,Август
Минская,Борисовский,Борисовский район,645.5,7,Август
Минская,Вилейский,Вилейский район,620.7,7,Август
Минская,Воложинский,Воложинский район,642.3,7,Август
Минская,Дзержинский,Дзержинский район,837,7,Август
Минская,Клецкий,Клецкий район,597.4,7,Август
Минская,Копыльский,Копыльский район,601.7,7,Август
Минская,Крупский,Крупский район,597.9,7,Август
Минская,Логойский,Логойский район,723.4,7,Август
Минская,Любанский,Любанский район,581.6,7,Август
Минская,Минский,Минский район,918.9,7,Август
Минская,Молодечненский,Молодечненский район,655.6,7,Август
Минская,Мядельский,Мядельский район,643.5,7,Август
Минская,Несвижский,Несвижский район,723.4,7,Август
Минская,Пуховичский,Пуховичский район,682.8,7,Август
Минская,Слуцкий,Слуцкий район,640.2,7,Август
Минская,Смолевичский,Смолевичский район,790,7,Август
Минская,Солигорский,Солигорский район,1175.2,7,Август
Минская,Стародорожский,Стародорожский район,611.4,7,Август
Минская,Столбцовский,Столбцовский район,664.4,7,Август
Минская,Узденский,Узденский район,643.7,7,Август
Минская,Червенский,Червенский район,609.8,7,Август
РБ,Всего,Республика Беларусь,732.9,8,Сентябрь
Минск,Минск,Минск,1014.9,8,Сентябрь
Минская,Всего,Всего,737.2,8,Сентябрь
Минская,Жодино,Жодино,744.1,8,Сентябрь
Минская,Березинский,Березинский район,596.8,8,Сентябрь
Минская,Борисовский,Борисовский район,634.4,8,Сентябрь
Минская,Вилейский,Вилейский район,593.7,8,Сентябрь
Минская,Воложинский,Воложинский район,593.5,8,Сентябрь
Минская,Дзержинский,Дзержинский район,803.5,8,Сентябрь
Минская,Клецкий,Клецкий район,581.9,8,Сентябрь
Минская,Копыльский,Копыльский район,574.9,8,Сентябрь
Минская,Крупский,Крупский район,551.4,8,Сентябрь
Минская,Логойский,Логойский район,696.1,8,Сентябрь
Минская,Любанский,Любанский район,564,8,Сентябрь
Минская,Минский,Минский район,908,8,Сентябрь
Минская,Молодечненский,Молодечненский район,645.6,8,Сентябрь
Минская,Мядельский,Мядельский район,599.8,8,Сентябрь
Минская,Несвижский,Несвижский район,719.2,8,Сентябрь
Минская,Пуховичский,Пуховичский район,659.1,8,Сентябрь
Минская,Слуцкий,Слуцкий район,632.5,8,Сентябрь
Минская,Смолевичский,Смолевичский район,779.3,8,Сентябрь
Минская,Солигорский,Солигорский район,1023.1,8,Сентябрь
Минская,Стародорожский,Стародорожский район,605.9,8,Сентябрь
Минская,Столбцовский,Столбцовский район,639.2,8,Сентябрь
Минская,Узденский,Узденский район,623.5,8,Сентябрь
Минская,Червенский,Червенский район,593,8,Сентябрь
Брестская,Всего,Всего,638.4,8,Сентябрь
Брестская,Брест,Брест,728,8,Сентябрь
Брестская,Барановичи,Барановичи,648.7,8,Сентябрь
Брестская,Пинск,Пинск,602.9,8,Сентябрь
Брестская,Барановичский,Барановичский район,631.5,8,Сентябрь
Брестская,Березовский,Березовский район,645.5,8,Сентябрь
Брестская,Брестский,Брестский район,651.3,8,Сентябрь
Брестская,Ганцевичский,Ганцевичский район,517.2,8,Сентябрь
Брестская,Дрогичинский,Дрогичинский район,530.9,8,Сентябрь
Брестская,Жабинковский,Жабинковский район,644.1,8,Сентябрь
Брестская,Ивановский,Ивановский район,558.5,8,Сентябрь
Брестская,Ивацевичский,Ивацевичский район,590.6,8,Сентябрь
Брестская,Каменецкий,Каменецкий район,599.4,8,Сентябрь
Брестская,Кобринский,Кобринский район,607.4,8,Сентябрь
Брестская,Лунинецкий,Лунинецкий район,628.2,8,Сентябрь
Брестская,Ляховичский,Ляховичский район,579.4,8,Сентябрь
Брестская,Малоритский,Малоритский район,542.7,8,Сентябрь
Брестская,Пинский,Пинский район,539.8,8,Сентябрь
Брестская,Пружанский,Пружанский район,618.2,8,Сентябрь
Брестская,Столинский,Столинский район,518.9,8,Сентябрь
Витебская,Всего,Всего,629.1,8,Сентябрь
Витебская,Витебск,Витебск,677.2,8,Сентябрь
Витебская,Новополоцк,Новополоцк,815.8,8,Сентябрь
Витебская,Бешенковичский,Бешенковичский район,500.8,8,Сентябрь
Витебская,Браславский,Браславский район,500.1,8,Сентябрь
Витебская,Верхнедвинский,Верхнедвинский район,595.3,8,Сентябрь
Витебская,Витебский,Витебский район,608.1,8,Сентябрь
Витебская,Глубокский,Глубокский район,576,8,Сентябрь
Витебская,Городокский,Городокский район,512.6,8,Сентябрь
Витебская,Докшицкий,Докшицкий район,539.6,8,Сентябрь
Витебская,Дубровенский,Дубровенский район,619.3,8,Сентябрь
Витебская,Лепельский,Лепельский район,566.1,8,Сентябрь
Витебская,Лиозненский,Лиозненский район,519.9,8,Сентябрь
Витебская,Миорский,Миорский район,485.7,8,Сентябрь
Витебская,Оршанский,Оршанский район,601.7,8,Сентябрь
Витебская,Полоцкий,Полоцкий район,637.7,8,Сентябрь
Витебская,Поставский,Поставский район,539,8,Сентябрь
Витебская,Россонский,Россонский район,528.1,8,Сентябрь
Витебская,Сенненский,Сенненский район,507.8,8,Сентябрь
Витебская,Толочинский,Толочинский район,590.8,8,Сентябрь
Витебская,Ушачский,Ушачский район,477.5,8,Сентябрь
Витебская,Чашникский,Чашникский район,607.3,8,Сентябрь
Витебская,Шарковщинский,Шарковщинский район,453.9,8,Сентябрь
Витебская,Шумилинский,Шумилинский район,513.1,8,Сентябрь
Гомельская,Всего,Всего,656.6,8,Сентябрь
Гомельская,Гомель,Гомель,700.4,8,Сентябрь
Гомельская,Брагинский,Брагинский район,548.7,8,Сентябрь
Гомельская,Буда-Кошелевский,Буда-Кошелевский район,553.2,8,Сентябрь
Гомельская,Ветковский,Ветковский район,545.7,8,Сентябрь
Гомельская,Гомельский,Гомельский район,615.9,8,Сентябрь
Гомельская,Добрушский,Добрушский район,534.5,8,Сентябрь
Гомельская,Ельский,Ельский район,511.2,8,Сентябрь
Гомельская,Житковичский,Житковичский район,552,8,Сентябрь
Гомельская,Жлобинский,Жлобинский район,639.5,8,Сентябрь
Гомельская,Калинковичский,Калинковичский район,599.3,8,Сентябрь
Гомельская,Кормянский,Кормянский район,535.4,8,Сентябрь
Гомельская,Лельчицкий,Лельчицкий район,518.2,8,Сентябрь
Гомельская,Лоевский,Лоевский район,486.5,8,Сентябрь
Гомельская,Мозырский,Мозырский район,716.3,8,Сентябрь
Гомельская,Наровлянский,Наровлянский район,627.1,8,Сентябрь
Гомельская,Октябрьский,Октябрьский район,523.2,8,Сентябрь
Гомельская,Петриковский,Петриковский район,515.4,8,Сентябрь
Гомельская,Речицкий,Речицкий район,780.3,8,Сентябрь
Гомельская,Рогачевский,Рогачевский район,562.2,8,Сентябрь
Гомельская,Светлогорский,Светлогорский район,676.5,8,Сентябрь
Гомельская,Хойникский,Хойникский район,540.2,8,Сентябрь
Гомельская,Чечерский,Чечерский район,550.7,8,Сентябрь
Гродненская,Всего,Всего,635,8,Сентябрь
Гродненская,Гродно,Гродно,731,8,Сентябрь
Гродненская,Берестовицкий,Берестовицкий район,611.2,8,Сентябрь
Гродненская,Волковысский,Волковысский район,604.3,8,Сентябрь
Гродненская,Вороновский,Вороновский район,528,8,Сентябрь
Гродненская,Гродненский,Гродненский район,695.4,8,Сентябрь
Гродненская,Дятловский,Дятловский район,535.8,8,Сентябрь
Гродненская,Зельвенский,Зельвенский район,519.8,8,Сентябрь
Гродненская,Ивьевский,Ивьевский район,509.5,8,Сентябрь
Гродненская,Кореличский,Кореличский район,534,8,Сентябрь
Гродненская,Лидский,Лидский район,594.5,8,Сентябрь
Гродненская,Мостовский,Мостовский район,518.8,8,Сентябрь
Гродненская,Новогрудский,Новогрудский район,552.1,8,Сентябрь
Гродненская,Островецкий,Островецкий район,673.7,8,Сентябрь
Гродненская,Ошмянский,Ошмянский район,590.3,8,Сентябрь
Гродненская,Свислочский,Свислочский район,514,8,Сентябрь
Гродненская,Слонимский,Слонимский район,549.2,8,Сентябрь
Гродненская,Сморгонский,Сморгонский район,607.8,8,Сентябрь
Гродненская,Щучинский,Щучинский район,572.3,8,Сентябрь
Могилевская,Всего,Всего,627.2,8,Сентябрь
Могилевская,Могилев,Могилев,697.1,8,Сентябрь
Могилевская,Бобруйск,Бобруйск,629.7,8,Сентябрь
Могилевская,Белыничский,Белыничский район,604.5,8,Сентябрь
Могилевская,Бобруйский,Бобруйский район,489.1,8,Сентябрь
Могилевская,Быховский,Быховский район,543.2,8,Сентябрь
Могилевская,Глусский,Глусский район,497.4,8,Сентябрь
Могилевская,Горецкий,Горецкий район,563.4,8,Сентябрь
Могилевская,Дрибинский,Дрибинский район,532.5,8,Сентябрь
Могилевская,Кировский,Кировский район,521.4,8,Сентябрь
Могилевская,Климовичский,Климовичский район,545.4,8,Сентябрь
Могилевская,Кличевский,Кличевский район,545.3,8,Сентябрь
Могилевская,Костюковичский,Костюковичский район,617.8,8,Сентябрь
Могилевская,Краснопольский,Краснопольский район,497.7,8,Сентябрь
Могилевская,Кричевский,Кричевский район,605.4,8,Сентябрь
Могилевская,Круглянский,Круглянский район,546.7,8,Сентябрь
Могилевская,Могилевский,Могилевский район,658.1,8,Сентябрь
Могилевская,Мстиславский,Мстиславский район,506.5,8,Сентябрь
Могилевская,Осиповичский,Осиповичский район,622.9,8,Сентябрь
Могилевская,Славгородский,Славгородский район,511.7,8,Сентябрь
Могилевская,Хотимский,Хотимский район,488.6,8,Сентябрь
Могилевская,Чаусский,Чаусский район,522.9,8,Сентябрь
Могилевская,Чериковский,Чериковский район,506.4,8,Сентябрь
Могилевская,Шкловский,Шкловский район,616.6,8,Сентябрь
РБ,Всего,Всего,722.9,9,Октябрь
Минск,Минск,Минск,1011.7,9,Октябрь
Минская,Всего,Всего,726.4,9,Октябрь
Минская,Жодино,Жодино,724,9,Октябрь
Минская,Березинский,Березинский район,557.5,9,Октябрь
Минская,Борисовский,Борисовский район,631.5,9,Октябрь
Минская,Вилейский,Вилейский район,585.3,9,Октябрь
Минская,Воложинский,Воложинский район,581,9,Октябрь
Минская,Дзержинский,Дзержинский район,801.9,9,Октябрь
Минская,Клецкий,Клецкий район,566.8,9,Октябрь
Минская,Копыльский,Копыльский район,540.7,9,Октябрь
Минская,Крупский,Крупский район,543.7,9,Октябрь
Минская,Логойский,Логойский район,676.8,9,Октябрь
Минская,Любанский,Любанский район,550.9,9,Октябрь
Минская,Минский,Минский район,902.2,9,Октябрь
Минская,Молодечненский,Молодечненский район,626.5,9,Октябрь
Минская,Мядельский,Мядельский район,591.4,9,Октябрь
Минская,Несвижский,Несвижский район,714.5,9,Октябрь
Минская,Пуховичский,Пуховичский район,635.6,9,Октябрь
Минская,Слуцкий,Слуцкий район,637.7,9,Октябрь
Минская,Смолевичский,Смолевичский район,755.6,9,Октябрь
Минская,Солигорский,Солигорский район,1011.4,9,Октябрь
Минская,Стародорожский,Стародорожский район,583.8,9,Октябрь
Минская,Столбцовский,Столбцовский район,624.4,9,Октябрь
Минская,Узденский,Узденский район,610.7,9,Октябрь
Минская,Червенский,Червенский район,582.6,9,Октябрь
Брестская,Всего,Всего,624.7,9,Октябрь
Брестская,Брест,Брест,718.8,9,Октябрь
Брестская,Барановичи,Барановичи,635,9,Октябрь
Брестская,Пинск,Пинск,595.5,9,Октябрь
Брестская,Барановичский,Барановичский район,577.1,9,Октябрь
Брестская,Березовский,Березовский район,635.1,9,Октябрь
Брестская,Брестский,Брестский район,628.5,9,Октябрь
Брестская,Ганцевичский,Ганцевичский район,490.1,9,Октябрь
Брестская,Дрогичинский,Дрогичинский район,507.7,9,Октябрь
Брестская,Жабинковский,Жабинковский район,672.1,9,Октябрь
Брестская,Ивановский,Ивановский район,553.3,9,Октябрь
Брестская,Ивацевичский,Ивацевичский район,559.8,9,Октябрь
Брестская,Каменецкий,Каменецкий район,596.1,9,Октябрь
Брестская,Кобринский,Кобринский район,595,9,Октябрь
Брестская,Лунинецкий,Лунинецкий район,626.2,9,Октябрь
Брестская,Ляховичский,Ляховичский район,556.3,9,Октябрь
Брестская,Малоритский,Малоритский район,520.6,9,Октябрь
Брестская,Пинский,Пинский район,528,9,Октябрь
Брестская,Пружанский,Пружанский район,591.6,9,Октябрь
Брестская,Столинский,Столинский район,498.2,9,Октябрь
Витебская,Всего,Всего,613.8,9,Октябрь
Витебская,Витебск,Витебск,669.5,9,Октябрь
Витебская,Новополоцк,Новополоцк,818,9,Октябрь
Витебская,Бешенковичский,Бешенковичский район,462.6,9,Октябрь
Витебская,Браславский,Браславский район,482.7,9,Октябрь
Витебская,Верхнедвинский,Верхнедвинский район,571.3,9,Октябрь
Витебская,Витебский,Витебский район,593.8,9,Октябрь
Витебская,Глубокский,Глубокский район,560.5,9,Октябрь
Витебская,Городокский,Городокский район,491.2,9,Октябрь
Витебская,Докшицкий,Докшицкий район,508.1,9,Октябрь
Витебская,Дубровенский,Дубровенский район,566,9,Октябрь
Витебская,Лепельский,Лепельский район,563,9,Октябрь
Витебская,Лиозненский,Лиозненский район,461.8,9,Октябрь
Витебская,Миорский,Миорский район,454.3,9,Октябрь
Витебская,Оршанский,Оршанский район,579.2,9,Октябрь
Витебская,Полоцкий,Полоцкий район,622.6,9,Октябрь
Витебская,Поставский,Поставский район,523.7,9,Октябрь
Витебская,Россонский,Россонский район,491.9,9,Октябрь
Витебская,Сенненский,Сенненский район,492.1,9,Октябрь
Витебская,Толочинский,Толочинский район,556.5,9,Октябрь
Витебская,Ушачский,Ушачский район,465.3,9,Октябрь
Витебская,Чашникский,Чашникский район,585.2,9,Октябрь
Витебская,Шарковщинский,Шарковщинский район,429.7,9,Октябрь
Витебская,Шумилинский,Шумилинский район,479.8,9,Октябрь
Гомельская,Всего,Всего,644.1,9,Октябрь
Гомельская,Гомель,Гомель,688.5,9,Октябрь
Гомельская,Брагинский,Брагинский район,486.4,9,Октябрь
Гомельская,Буда-Кошелевский,Буда-Кошелевский район,541.7,9,Октябрь
Гомельская,Ветковский,Ветковский район,511.1,9,Октябрь
Гомельская,Гомельский,Гомельский район,602.2,9,Октябрь
Гомельская,Добрушский,Добрушский район,524,9,Октябрь
Гомельская,Ельский,Ельский район,498.4,9,Октябрь
Гомельская,Житковичский,Житковичский район,531.5,9,Октябрь
Гомельская,Жлобинский,Жлобинский район,635,9,Октябрь
Гомельская,Калинковичский,Калинковичский район,597.6,9,Октябрь
Гомельская,Кормянский,Кормянский район,488.5,9,Октябрь
Гомельская,Лельчицкий,Лельчицкий район,498.4,9,Октябрь
Гомельская,Лоевский,Лоевский район,457.2,9,Октябрь
Гомельская,Мозырский,Мозырский район,720.9,9,Октябрь
Гомельская,Наровлянский,Наровлянский район,514.1,9,Октябрь
Гомельская,Октябрьский,Октябрьский район,486.2,9,Октябрь
Гомельская,Петриковский,Петриковский район,504.2,9,Октябрь
Гомельская,Речицкий,Речицкий район,760,9,Октябрь
Гомельская,Рогачевский,Рогачевский район,549.9,9,Октябрь
Гомельская,Светлогорский,Светлогорский район,677.9,9,Октябрь
Гомельская,Хойникский,Хойникский район,497.5,9,Октябрь
Гомельская,Чечерский,Чечерский район,508.7,9,Октябрь
Гродненская,Всего,Всего,625.6,9,Октябрь
Гродненская,Гродно,Гродно,730.1,9,Октябрь
Гродненская,Берестовицкий,Берестовицкий район,607.3,9,Октябрь
Гродненская,Волковысский,Волковысский район,587.9,9,Октябрь
Гродненская,Вороновский,Вороновский район,494.9,9,Октябрь
Гродненская,Гродненский,Гродненский район,687,9,Октябрь
Гродненская,Дятловский,Дятловский район,528.6,9,Октябрь
Гродненская,Зельвенский,Зельвенский район,511.6,9,Октябрь
Гродненская,Ивьевский,Ивьевский район,492.9,9,Октябрь
Гродненская,Кореличский,Кореличский район,504.1,9,Октябрь
Гродненская,Лидский,Лидский район,585.9,9,Октябрь
Гродненская,Мостовский,Мостовский район,518.1,9,Октябрь
Гродненская,Новогрудский,Новогрудский район,537.6,9,Октябрь
Гродненская,Островецкий,Островецкий район,638.6,9,Октябрь
Гродненская,Ошмянский,Ошмянский район,559,9,Октябрь
Гродненская,Свислочский,Свислочский район,494.6,9,Октябрь
Гродненская,Слонимский,Слонимский район,537.9,9,Октябрь
Гродненская,Сморгонский,Сморгонский район,600.9,9,Октябрь
Гродненская,Щучинский,Щучинский район,559.8,9,Октябрь
Могилевская,Всего,Всего,618.4,9,Октябрь
Могилевская,Могилев,Могилев,689,9,Октябрь
Могилевская,Бобруйск,Бобруйск,618.4,9,Октябрь
Могилевская,Белыничский,Белыничский район,599.7,9,Октябрь
Могилевская,Бобруйский,Бобруйский район,479.2,9,Октябрь
Могилевская,Быховский,Быховский район,522.3,9,Октябрь
Могилевская,Глусский,Глусский район,474.5,9,Октябрь
Могилевская,Горецкий,Горецкий район,571,9,Октябрь
Могилевская,Дрибинский,Дрибинский район,514.2,9,Октябрь
Могилевская,Кировский,Кировский район,500.1,9,Октябрь
Могилевская,Климовичский,Климовичский район,545.8,9,Октябрь
Могилевская,Кличевский,Кличевский район,527.9,9,Октябрь
Могилевская,Костюковичский,Костюковичский район,624.8,9,Октябрь
Могилевская,Краснопольский,Краснопольский район,500.3,9,Октябрь
Могилевская,Кричевский,Кричевский район,590.9,9,Октябрь
Могилевская,Круглянский,Круглянский район,555.7,9,Октябрь
Могилевская,Могилевский,Могилевский район,640.6,9,Октябрь
Могилевская,Мстиславский,Мстиславский район,483.6,9,Октябрь
Могилевская,Осиповичский,Осиповичский район,614.8,9,Октябрь
Могилевская,Славгородский,Славгородский район,496.5,9,Октябрь
Могилевская,Хотимский,Хотимский район,496.6,9,Октябрь
Могилевская,Чаусский,Чаусский район,515.7,9,Октябрь
Могилевская,Чериковский,Чериковский район,517,9,Октябрь
Могилевская,Шкловский,Шкловский район,609.2,9,Октябрь
