group,subgroup,amount,period,month
Всего,Всего,6551585,0,Январь
"Сельское, лесное и рыбное хозяйство",Всего,4454302,0,Январь
"Сельское, лесное и рыбное хозяйство","растениеводство и животноводство, охота и предоставление услуг в этих областях",4354617,0,Январь
"Сельское, лесное и рыбное хозяйство",растениеводство,4026776,0,Январь
"Сельское, лесное и рыбное хозяйство",животноводство,4491393,0,Январь
"Сельское, лесное и рыбное хозяйство",лесоводство и лесозаготовки,5279249,0,Январь
"Сельское, лесное и рыбное хозяйство",рыболовство и рыбоводство,4382283,0,Январь
Промышленность,Всего,6785301,0,Январь
Промышленность,горнодобывающая промышленность,8933009,0,Январь
Промышленность,обрабатывающая промышленность,6702575,0,Январь
Промышленность,"производство продуктов питания, напитков и табачных изделий",6710363,0,Январь
Промышленность,"производство текстильных изделий, одежды, изделий из кожи и меха",4644233,0,Январь
Промышленность,производство изделий из дерева и бумаги; полиграфическая деятельность и тиражирование записанных носителей информации,5408860,0,Январь
Промышленность,"производство деревянных и пробковых изделий, кроме мебели; производство изделий из соломки и материалов для плетения",5053275,0,Январь
Промышленность,"производство целлюлозы, бумаги и изделий из бумаги",5734304,0,Январь
Промышленность,полиграфическая деятельность и тиражирование записанных носителей информации,6972831,0,Январь
Промышленность,производство кокса и продуктов нефтепереработки,11481917,0,Январь
Промышленность,производство химических продуктов,11924058,0,Январь
Промышленность,производство основных фармацевтических продуктов и фармацевтических препаратов,8287885,0,Январь
Промышленность,"производство резиновых и пластмассовых изделий, прочих неметаллических минеральных продуктов",6184538,0,Январь
Промышленность,"металлургическое производство. Производство готовых металлических изделий, кроме машин и оборудования",6700542,0,Январь
Промышленность,"производство вычислительной, электронной и оптической аппаратуры",7061434,0,Январь
Промышленность,производство электрооборудования,6057843,0,Январь
Промышленность,"производство машин и оборудования, не включенных в другие группировки",6163187,0,Январь
Промышленность,производство транспортных средств и оборудования,6166499,0,Январь
Промышленность,"производство автомобилей, прицепов и полуприцепов",5908096,0,Январь
Промышленность,производство прочих транспортных средств и оборудования,8013941,0,Январь
Промышленность,"производство прочих готовых изделий; ремонт, монтаж машин и оборудования",6720114,0,Январь
Промышленность,производство мебели,5500516,0,Январь
Промышленность,"снабжение электроэнергией, газом, паром, горячей водой и кондиционированным воздухом",7409288,0,Январь
Промышленность,"водоснабжение; сбор, обработка и удаление отходов, деятельность по ликвидации загрязнений",5940550,0,Январь
Строительство,Строительство,6701003,0,Январь
Оптовая и розничная торговля; ремонт автомобилей и мотоциклов,Всего,6446197,0,Январь
Оптовая и розничная торговля; ремонт автомобилей и мотоциклов,"оптовая и розничная торговля автомобилями, мотоциклами и их ремонт",8472177,0,Январь
Оптовая и розничная торговля; ремонт автомобилей и мотоциклов,"оптовая торговля, за исключением торговли автомобилями и мотоциклами",8882616,0,Январь
Оптовая и розничная торговля; ремонт автомобилей и мотоциклов,"розничная торговля, за исключением торговли автомобилями и мотоциклами",5907956,0,Январь
"Транспортная деятельность, складирование, почтовая и курьерская деятельность",Всего,7537638,0,Январь
"Транспортная деятельность, складирование, почтовая и курьерская деятельность",деятельность сухопутного и трубопроводного транспорта,7842312,0,Январь
"Транспортная деятельность, складирование, почтовая и курьерская деятельность",деятельность водного транспорта,4493906,0,Январь
"Транспортная деятельность, складирование, почтовая и курьерская деятельность",деятельность воздушного транспорта,17464751,0,Январь
"Транспортная деятельность, складирование, почтовая и курьерская деятельность",складирование и вспомогательная транспортная деятельность,6689171,0,Январь
"Транспортная деятельность, складирование, почтовая и курьерская деятельность",почтовая и курьерская деятельность,6157801,0,Январь
Услуги по временному проживанию и питания,Всего,5186217,0,Январь
Услуги по временному проживанию и питания,услуги по временному проживанию,5414036,0,Январь
Услуги по временному проживанию и питания,услуги по общественному питанию,5114594,0,Январь
Информация и связь,Всего,20617257,0,Январь
Информация и связь,"издательская деятельность, деятельность в сфере аудио- и видеозаписи, воспроизведения и вещания",8124574,0,Январь
Информация и связь,деятельность в области телекоммуникаций,10374880,0,Январь
Информация и связь,информационные технологии и деятельность в области информационного обслуживания,35457604,0,Январь
Финансовая и страховая деятельность,Всего,11811274,0,Январь
Финансовая и страховая деятельность,"финансовые услуги, кроме страхования и дополнительного пенсионного обеспечения",12275938,0,Январь
Финансовая и страховая деятельность,"страхование, перестрахование и дополнительное пенсионное обеспечение, кроме обязательного социального страхования",8636957,0,Январь
Финансовая и страховая деятельность,вспомогательная деятельность в сфере финансовых услуг и страхования,18395665,0,Январь
Операции с недвижимым имуществом,Операции с недвижимым имуществом,5343063,0,Январь
"Профессиональная, научная и техническая деятельность",Всего,8865595,0,Январь
"Профессиональная, научная и техническая деятельность","деятельность в области права, бухгалтерского учета, управления, архитектуры, инженерных изысканий, технических испытаний и анализа",9771754,0,Январь
"Профессиональная, научная и техническая деятельность",научные исследования и разработки,8726687,0,Январь
"Профессиональная, научная и техническая деятельность","другая профессиональная, научная и техническая деятельность",5586624,0,Январь
Деятельность в сфере административных и вспомогательных услуг,Всего,5177480,0,Январь
Деятельность в сфере административных и вспомогательных услуг,туристическая деятельность; услуги по бронированию и сопутствующая деятельность,5668690,0,Январь
Образование,Образование,4858351,0,Январь
Здравоохранение и социальные услуги,Всего,5271386,0,Январь
Здравоохранение и социальные услуги,здравоохранение,5442087,0,Январь
Здравоохранение и социальные услуги,деятельность по уходу в специализированных учреждениях и предоставление социальных услуг,3999512,0,Январь
"Творчество, спорт, развлечения и отдых",Всего,5248205,0,Январь
"Творчество, спорт, развлечения и отдых",творческая деятельность и развлечения,4374205,0,Январь
"Творчество, спорт, развлечения и отдых","деятельность библиотек, архивов, музеев и прочая деятельность в области культуры",3890388,0,Январь
"Творчество, спорт, развлечения и отдых","деятельность в области физической культуры и спорта, организации отдыха и развлечений",6375551,0,Январь
Предоставление прочих видов услуг,Предоставление прочих видов услуг,5063404,0,Январь
Справочно: рабочие и служащие,Справочно: рабочие и служащие,6587462,0,Январь
Всего,Всего,6615737,1,Февраль
"Сельское, лесное и рыбное хозяйство",Всего,4429691,1,Февраль
"Сельское, лесное и рыбное хозяйство","растениеводство и животноводство, охота и предоставление услуг в этих областях",4289384,1,Февраль
"Сельское, лесное и рыбное хозяйство",растениеводство,3965080,1,Февраль
"Сельское, лесное и рыбное хозяйство",животноводство,4416054,1,Февраль
"Сельское, лесное и рыбное хозяйство",лесоводство и лесозаготовки,5573150,1,Февраль
"Сельское, лесное и рыбное хозяйство",рыболовство и рыбоводство,4515984,1,Февраль
Промышленность,Всего,7039994,1,Февраль
Промышленность,горнодобывающая промышленность,9877665,1,Февраль
Промышленность,обрабатывающая промышленность,6964986,1,Февраль
Промышленность,"производство продуктов питания, напитков и табачных изделий",6834511,1,Февраль
Промышленность,"производство текстильных изделий, одежды, изделий из кожи и меха",5069595,1,Февраль
Промышленность,производство изделий из дерева и бумаги; полиграфическая деятельность и тиражирование записанных носителей информации,5750015,1,Февраль
Промышленность,"производство деревянных и пробковых изделий, кроме мебели; производство изделий из соломки и материалов для плетения",5437735,1,Февраль
Промышленность,"производство целлюлозы, бумаги и изделий из бумаги",5927656,1,Февраль
Промышленность,полиграфическая деятельность и тиражирование записанных носителей информации,7374979,1,Февраль
Промышленность,производство кокса и продуктов нефтепереработки,10332645,1,Февраль
Промышленность,производство химических продуктов,11405747,1,Февраль
Промышленность,производство основных фармацевтических продуктов и фармацевтических препаратов,8413044,1,Февраль
Промышленность,"производство резиновых и пластмассовых изделий, прочих неметаллических минеральных продуктов",6454394,1,Февраль
Промышленность,"металлургическое производство. Производство готовых металлических изделий, кроме машин и оборудования",6882719,1,Февраль
Промышленность,"производство вычислительной, электронной и оптической аппаратуры",7486202,1,Февраль
Промышленность,производство электрооборудования,6685647,1,Февраль
Промышленность,"производство машин и оборудования, не включенных в другие группировки",6633050,1,Февраль
Промышленность,производство транспортных средств и оборудования,6958631,1,Февраль
Промышленность,"производство автомобилей, прицепов и полуприцепов",6712699,1,Февраль
Промышленность,производство прочих транспортных средств и оборудования,8638688,1,Февраль
Промышленность,"производство прочих готовых изделий; ремонт, монтаж машин и оборудования",7089643,1,Февраль
Промышленность,производство мебели,5751370,1,Февраль
Промышленность,"снабжение электроэнергией, газом, паром, горячей водой и кондиционированным воздухом",7496444,1,Февраль
Промышленность,"производство, передача, распределение и продажа пара и горячей воды; кондиционирование воздуха",6073631,1,Февраль
Промышленность,"водоснабжение; сбор, обработка и удаление отходов, деятельность по ликвидации загрязнений",6312173,1,Февраль
Строительство,Строительство,6843747,1,Февраль
Оптовая и розничная торговля; ремонт автомобилей и мотоциклов,Всего,6348623,1,Февраль
Оптовая и розничная торговля; ремонт автомобилей и мотоциклов,"оптовая и розничная торговля автомобилями, мотоциклами и их ремонт",8656556,1,Февраль
Оптовая и розничная торговля; ремонт автомобилей и мотоциклов,"оптовая торговля, за исключением торговли автомобилями и мотоциклами",8748908,1,Февраль
Оптовая и розничная торговля; ремонт автомобилей и мотоциклов,"розничная торговля, за исключением торговли автомобилями и мотоциклами",5805272,1,Февраль
"Транспортная деятельность, складирование, почтовая и курьерская деятельность",Всего,7352649,1,Февраль
"Транспортная деятельность, складирование, почтовая и курьерская деятельность",деятельность сухопутного и трубопроводного транспорта,7582267,1,Февраль
"Транспортная деятельность, складирование, почтовая и курьерская деятельность",деятельность водного транспорта,4244748,1,Февраль
"Транспортная деятельность, складирование, почтовая и курьерская деятельность",деятельность воздушного транспорта,15673163,1,Февраль
"Транспортная деятельность, складирование, почтовая и курьерская деятельность",деятельность пассажирского воздушного транспорта,16142214,1,Февраль
"Транспортная деятельность, складирование, почтовая и курьерская деятельность",деятельность грузового воздушного транспорта,13097527,1,Февраль
"Транспортная деятельность, складирование, почтовая и курьерская деятельность",складирование и вспомогательная транспортная деятельность,6541821,1,Февраль
"Транспортная деятельность, складирование, почтовая и курьерская деятельность",вспомогательная деятельность воздушного транспорта,11557978,1,Февраль
"Транспортная деятельность, складирование, почтовая и курьерская деятельность",почтовая и курьерская деятельность,6584478,1,Февраль
Услуги по временному проживанию и питания,Всего,4985553,1,Февраль
Услуги по временному проживанию и питания,услуги по временному проживанию,5335620,1,Февраль
Услуги по временному проживанию и питания,услуги по общественному питанию,4877959,1,Февраль
Информация и связь,Всего,20150471,1,Февраль
Информация и связь,"издательская деятельность, деятельность в сфере аудио- и видеозаписи, воспроизведения и вещания",8428808,1,Февраль
Информация и связь,деятельность в области телекоммуникаций,10392359,1,Февраль
Информация и связь,информационные технологии и деятельность в области информационного обслуживания,34030613,1,Февраль
Финансовая и страховая деятельность,Всего,11322681,1,Февраль
Финансовая и страховая деятельность,"финансовые услуги, кроме страхования и дополнительного пенсионного обеспечения",11709282,1,Февраль
Финансовая и страховая деятельность,"страхование, перестрахование и дополнительное пенсионное обеспечение, кроме обязательного социального страхования",8673042,1,Февраль
Финансовая и страховая деятельность,вспомогательная деятельность в сфере финансовых услуг и страхования,17799713,1,Февраль
Операции с недвижимым имуществом,Операции с недвижимым имуществом,5296681,1,Февраль
"Профессиональная, научная и техническая деятельность",Всего,9082545,1,Февраль
"Профессиональная, научная и техническая деятельность","деятельность в области права, бухгалтерского учета, управления, архитектуры, инженерных изысканий, технических испытаний и анализа",9956638,1,Февраль
"Профессиональная, научная и техническая деятельность",деятельность головных организаций,10272223,1,Февраль
"Профессиональная, научная и техническая деятельность",научные исследования и разработки,8583514,1,Февраль
"Профессиональная, научная и техническая деятельность","другая профессиональная, научная и техническая деятельность",6708118,1,Февраль
Деятельность в сфере административных и вспомогательных услуг,Всего,5039942,1,Февраль
Деятельность в сфере административных и вспомогательных услуг,туристическая деятельность; услуги по бронированию и сопутствующая деятельность,4875564,1,Февраль
Образование,Образование,4999694,1,Февраль
Здравоохранение и социальные услуги,Всего,5369970,1,Февраль
Здравоохранение и социальные услуги,здравоохранение,5552792,1,Февраль
Здравоохранение и социальные услуги,деятельность по уходу в специализированных учреждениях и предоставление социальных услуг,4017349,1,Февраль
"Творчество, спорт, развлечения и отдых",Всего,5350051,1,Февраль
"Творчество, спорт, развлечения и отдых",творческая деятельность и развлечения,4437960,1,Февраль
"Творчество, спорт, развлечения и отдых","деятельность библиотек, архивов, музеев и прочая деятельность в области культуры",3953812,1,Февраль
"Творчество, спорт, развлечения и отдых","деятельность в области физической культуры и спорта, организации отдыха и развлечений",6631973,1,Февраль
Предоставление прочих видов услуг,Предоставление прочих видов услуг,5088474,1,Февраль
Справочно: рабочие и служащие,Справочно: рабочие и служащие,6652609,1,Февраль
Всего,Всего,7094521,2,Март
"Сельское, лесное и рыбное хозяйство",Всего,4656656,2,Март
"Сельское, лесное и рыбное хозяйство","растениеводство и животноводство, охота и предоставление услуг в этих областях",4513197,2,Март
"Сельское, лесное и рыбное хозяйство",растениеводство,4215838,2,Март
"Сельское, лесное и рыбное хозяйство",животноводство,4644391,2,Март
"Сельское, лесное и рыбное хозяйство",лесоводство и лесозаготовки,5810806,2,Март
"Сельское, лесное и рыбное хозяйство",рыболовство и рыбоводство,5041661,2,Март
Промышленность,Всего,7471945,2,Март
Промышленность,горнодобывающая промышленность,10553438,2,Март
Промышленность,обрабатывающая промышленность,7328722,2,Март
Промышленность,"производство продуктов питания, напитков и табачных изделий",7303024,2,Март
Промышленность,"производство текстильных изделий, одежды, изделий из кожи и меха",5313083,2,Март
Промышленность,производство изделий из дерева и бумаги; полиграфическая деятельность и тиражирование записанных носителей информации,6010971,2,Март
Промышленность,"производство деревянных и пробковых изделий, кроме мебели; производство изделий из соломки и материалов для плетения",5636301,2,Март
Промышленность,"производство целлюлозы, бумаги и изделий из бумаги",6299039,2,Март
Промышленность,полиграфическая деятельность и тиражирование записанных носителей информации,7767995,2,Март
Промышленность,производство кокса и продуктов нефтепереработки,10905381,2,Март
Промышленность,производство химических продуктов,12222428,2,Март
Промышленность,производство основных фармацевтических продуктов и фармацевтических препаратов,9431304,2,Март
Промышленность,"производство резиновых и пластмассовых изделий, прочих неметаллических минеральных продуктов",6848756,2,Март
Промышленность,"металлургическое производство. Производство готовых металлических изделий, кроме машин и оборудования",7080272,2,Март
Промышленность,"производство вычислительной, электронной и оптической аппаратуры",7826048,2,Март
Промышленность,производство электрооборудования,6894567,2,Март
Промышленность,"производство машин и оборудования, не включенных в другие группировки",6944704,2,Март
Промышленность,производство транспортных средств и оборудования,7039294,2,Март
Промышленность,"производство автомобилей, прицепов и полуприцепов",6799152,2,Март
Промышленность,производство прочих транспортных средств и оборудования,8633879,2,Март
Промышленность,"производство прочих готовых изделий; ремонт, монтаж машин и оборудования",7407782,2,Март
Промышленность,производство мебели,6030711,2,Март
Промышленность,"снабжение электроэнергией, газом, паром, горячей водой и кондиционированным воздухом",8379241,2,Март
Промышленность,"производство, передача, распределение и продажа пара и горячей воды; кондиционирование воздуха",6747387,2,Март
Промышленность,"водоснабжение; сбор, обработка и удаление отходов, деятельность по ликвидации загрязнений",6645848,2,Март
Строительство,Строительство,7135040,2,Март
Оптовая и розничная торговля; ремонт автомобилей и мотоциклов,Всего,6752447,2,Март
Оптовая и розничная торговля; ремонт автомобилей и мотоциклов,"оптовая и розничная торговля автомобилями, мотоциклами и их ремонт",9553424,2,Март
Оптовая и розничная торговля; ремонт автомобилей и мотоциклов,"оптовая торговля, за исключением торговли автомобилями и мотоциклами",9231737,2,Март
Оптовая и розничная торговля; ремонт автомобилей и мотоциклов,"розничная торговля, за исключением торговли автомобилями и мотоциклами",6166161,2,Март
"Транспортная деятельность, складирование, почтовая и курьерская деятельность",Всего,7599858,2,Март
"Транспортная деятельность, складирование, почтовая и курьерская деятельность",деятельность сухопутного и трубопроводного транспорта,7765852,2,Март
"Транспортная деятельность, складирование, почтовая и курьерская деятельность",деятельность водного транспорта,4593099,2,Март
"Транспортная деятельность, складирование, почтовая и курьерская деятельность",деятельность воздушного транспорта,15935768,2,Март
"Транспортная деятельность, складирование, почтовая и курьерская деятельность",деятельность пассажирского воздушного транспорта,16454712,2,Март
"Транспортная деятельность, складирование, почтовая и курьерская деятельность",деятельность грузового воздушного транспорта,13016014,2,Март
"Транспортная деятельность, складирование, почтовая и курьерская деятельность",складирование и вспомогательная транспортная деятельность,7023607,2,Март
"Транспортная деятельность, складирование, почтовая и курьерская деятельность",вспомогательная деятельность воздушного транспорта,12918462,2,Март
"Транспортная деятельность, складирование, почтовая и курьерская деятельность",почтовая и курьерская деятельность,6846979,2,Март
Услуги по временному проживанию и питанию,Всего,5248809,2,Март
Услуги по временному проживанию и питанию,услуги по временному проживанию,5334186,2,Март
Услуги по временному проживанию и питанию,услуги по общественному питанию,5222110,2,Март
Информация и связь,Всего,23778389,2,Март
Информация и связь,"издательская деятельность, деятельность в сфере аудио- и видеозаписи, воспроизведения и вещания",8419290,2,Март
Информация и связь,деятельность в области телекоммуникаций,11232287,2,Март
Информация и связь,информационные технологии и деятельность в области информационного обслуживания,40501136,2,Март
Финансовая и страховая деятельность,Всего,16131458,2,Март
Финансовая и страховая деятельность,"финансовые услуги, кроме страхования и дополнительного пенсионного обеспечения",17134996,2,Март
Финансовая и страховая деятельность,"страхование, перестрахование и дополнительное пенсионное обеспечение, кроме обязательного социального страхования",9783731,2,Март
Финансовая и страховая деятельность,вспомогательная деятельность в сфере финансовых услуг и страхования,20962360,2,Март
Операции с недвижимым имуществом,Операции с недвижимым имуществом,5575827,2,Март
"Профессиональная, научная и техническая деятельность",Всего,9463131,2,Март
"Профессиональная, научная и техническая деятельность","деятельность в области права, бухгалтерского учета, управления, архитектуры, инженерных изысканий, технических испытаний и анализа",10432724,2,Март
"Профессиональная, научная и техническая деятельность",деятельность головных организаций,10193751,2,Март
"Профессиональная, научная и техническая деятельность",научные исследования и разработки,9158512,2,Март
"Профессиональная, научная и техническая деятельность","другая профессиональная, научная и техническая деятельность",6312689,2,Март
Деятельность в сфере административных и вспомогательных услуг,Всего,5301274,2,Март
Деятельность в сфере административных и вспомогательных услуг,туристическая деятельность; услуги по бронированию и сопутствующая деятельность,5029075,2,Март
Образование,Образование,5058450,2,Март
Здравоохранение и социальные услуги,Всего,5554103,2,Март
Здравоохранение и социальные услуги,здравоохранение,5753180,2,Март
Здравоохранение и социальные услуги,деятельность по уходу в специализированных учреждениях и предоставление социальных услуг,4080060,2,Март
"Творчество, спорт, развлечения и отдых",Всего,5461827,2,Март
"Творчество, спорт, развлечения и отдых",творческая деятельность и развлечения,4457489,2,Март
"Творчество, спорт, развлечения и отдых","деятельность библиотек, архивов, музеев и прочая деятельность в области культуры",4063672,2,Март
"Творчество, спорт, развлечения и отдых","деятельность в области физической культуры и спорта, организации отдыха и развлечений",6738137,2,Март
Предоставление прочих видов услуг,Предоставление прочих видов услуг,5774090,2,Март
Справочно: рабочие и служащие,Справочно: рабочие и служащие,7136393,2,Март
Всего,Всего,7085990,3,Апрель
"Сельское, лесное и рыбное хозяйство",Всего,5018988,3,Апрель
"Сельское, лесное и рыбное хозяйство","растениеводство и животноводство, охота и предоставление услуг в этих областях",4901703,3,Апрель
"Сельское, лесное и рыбное хозяйство",растениеводство,5017929,3,Апрель
"Сельское, лесное и рыбное хозяйство",животноводство,4817387,3,Апрель
"Сельское, лесное и рыбное хозяйство",лесоводство и лесозаготовки,5975289,3,Апрель
"Сельское, лесное и рыбное хозяйство",рыболовство и рыбоводство,4848098,3,Апрель
Промышленность,Всего,7610044,3,Апрель
Промышленность,горнодобывающая промышленность,10852604,3,Апрель
Промышленность,обрабатывающая промышленность,7473064,3,Апрель
Промышленность,"производство продуктов питания, напитков и табачных изделий",7269090,3,Апрель
Промышленность,"производство текстильных изделий, одежды, изделий из кожи и меха",5267948,3,Апрель
Промышленность,производство изделий из дерева и бумаги; полиграфическая деятельность и тиражирование записанных носителей информации,6160269,3,Апрель
Промышленность,"производство деревянных и пробковых изделий, кроме мебели; производство изделий из соломки и материалов для плетения",5823680,3,Апрель
Промышленность,"производство целлюлозы, бумаги и изделий из бумаги",6074118,3,Апрель
Промышленность,полиграфическая деятельность и тиражирование записанных носителей информации,8631819,3,Апрель
Промышленность,производство кокса и продуктов нефтепереработки,11686038,3,Апрель
Промышленность,производство химических продуктов,13323765,3,Апрель
Промышленность,производство основных фармацевтических продуктов и фармацевтических препаратов,9128094,3,Апрель
Промышленность,"производство резиновых и пластмассовых изделий, прочих неметаллических минеральных продуктов",6934087,3,Апрель
Промышленность,производство сборных железобетонных и бетонных конструкций и изделий,6218501,3,Апрель
Промышленность,"металлургическое производство. Производство готовых металлических изделий, кроме машин и оборудования",7188466,3,Апрель
Промышленность,"производство вычислительной, электронной и оптической аппаратуры",7694068,3,Апрель
Промышленность,производство электрооборудования,7344189,3,Апрель
Промышленность,"производство машин и оборудования, не включенных в другие группировки",7000129,3,Апрель
Промышленность,производство транспортных средств и оборудования,7197926,3,Апрель
Промышленность,"производство автомобилей, прицепов и полуприцепов",6961061,3,Апрель
Промышленность,производство прочих транспортных средств и оборудования,8829976,3,Апрель
Промышленность,"производство прочих готовых изделий; ремонт, монтаж машин и оборудования",7472363,3,Апрель
Промышленность,производство мебели,6037458,3,Апрель
Промышленность,"снабжение электроэнергией, газом, паром, горячей водой и кондиционированным воздухом",8699909,3,Апрель
Промышленность,"производство, передача, распределение и продажа пара и горячей воды; кондиционирование воздуха",6808778,3,Апрель
Промышленность,"водоснабжение; сбор, обработка и удаление отходов, деятельность по ликвидации загрязнений",6258342,3,Апрель
Строительство,Всего,7416392,3,Апрель
Оптовая и розничная торговля; ремонт автомобилей и мотоциклов,Всего,6740669,3,Апрель
Оптовая и розничная торговля; ремонт автомобилей и мотоциклов,"оптовая и розничная торговля автомобилями, мотоциклами и их ремонт",9599173,3,Апрель
Оптовая и розничная торговля; ремонт автомобилей и мотоциклов,"оптовая торговля, за исключением торговли автомобилями и мотоциклами",9352896,3,Апрель
Оптовая и розничная торговля; ремонт автомобилей и мотоциклов,"розничная торговля, за исключением торговли автомобилями и мотоциклами",6105530,3,Апрель
"Транспортная деятельность, складирование, почтовая и курьерская деятельность",Всего,7940190,3,Апрель
"Транспортная деятельность, складирование, почтовая и курьерская деятельность",деятельность сухопутного и трубопроводного транспорта,8207218,3,Апрель
"Транспортная деятельность, складирование, почтовая и курьерская деятельность",деятельность прочего пассажирского сухопутного транспорта,7710201,3,Апрель
"Транспортная деятельность, складирование, почтовая и курьерская деятельность",деятельность водного транспорта,4703922,3,Апрель
"Транспортная деятельность, складирование, почтовая и курьерская деятельность",деятельность воздушного транспорта,17502800,3,Апрель
"Транспортная деятельность, складирование, почтовая и курьерская деятельность",деятельность пассажирского воздушного транспорта,17762251,3,Апрель
"Транспортная деятельность, складирование, почтовая и курьерская деятельность",деятельность грузового воздушного транспорта,16038947,3,Апрель
"Транспортная деятельность, складирование, почтовая и курьерская деятельность",складирование и вспомогательная транспортная деятельность,7080293,3,Апрель
"Транспортная деятельность, складирование, почтовая и курьерская деятельность",вспомогательная деятельность воздушного транспорта,11951893,3,Апрель
"Транспортная деятельность, складирование, почтовая и курьерская деятельность",почтовая и курьерская деятельность,6855951,3,Апрель
Услуги по временному проживанию и питанию,Всего,5222909,3,Апрель
Услуги по временному проживанию и питанию,услуги по временному проживанию,5489868,3,Апрель
Услуги по временному проживанию и питанию,услуги по общественному питанию,5141224,3,Апрель
Информация и связь,Всего,20786133,3,Апрель
Информация и связь,"издательская деятельность, деятельность в сфере аудио- и видеозаписи, воспроизведения и вещания",8551139,3,Апрель
Информация и связь,деятельность в области телекоммуникаций,12050533,3,Апрель
Информация и связь,информационные технологии и деятельность в области информационного обслуживания,32729870,3,Апрель
Финансовая и страховая деятельность,Всего,12825783,3,Апрель
Финансовая и страховая деятельность,"финансовые услуги, кроме страхования и дополнительного пенсионного обеспечения",12620274,3,Апрель
Финансовая и страховая деятельность,"страхование, перестрахование и дополнительное пенсионное обеспечение, кроме обязательного социального страхования",13909566,3,Апрель
Финансовая и страховая деятельность,вспомогательная деятельность в сфере финансовых услуг и страхования,17095198,3,Апрель
Операции с недвижимым имуществом,Операции с недвижимым имуществом,5381030,3,Апрель
"Профессиональная, научная и техническая деятельность",Всего,9500941,3,Апрель
"Профессиональная, научная и техническая деятельность","деятельность в области права, бухгалтерского учета, управления, архитектуры, инженерных изысканий, технических испытаний и анализа",10554563,3,Апрель
"Профессиональная, научная и техническая деятельность",деятельность головных организаций,10749389,3,Апрель
"Профессиональная, научная и техническая деятельность",деятельность в области архитектуры,9089844,3,Апрель
"Профессиональная, научная и техническая деятельность",геодезическая и картографическая деятельность (без научных исследований и разработок),9459844,3,Апрель
"Профессиональная, научная и техническая деятельность",научные исследования и разработки,8964668,3,Апрель
"Профессиональная, научная и техническая деятельность","другая профессиональная, научная и техническая деятельность",6502381,3,Апрель
Деятельность в сфере административных и вспомогательных услуг,Всего,5250191,3,Апрель
Деятельность в сфере административных и вспомогательных услуг,туристическая деятельность; услуги по бронированию и сопутствующая деятельность,5312472,3,Апрель
Образование,Образование,5093861,3,Апрель
Здравоохранение и социальные услуги,Всего,5587075,3,Апрель
Здравоохранение и социальные услуги,здравоохранение,5788010,3,Апрель
Здравоохранение и социальные услуги,деятельность по уходу в специализированных учреждениях и предоставление социальных услуг,4111801,3,Апрель
"Творчество, спорт, развлечения и отдых",Всего,5453888,3,Апрель
"Творчество, спорт, развлечения и отдых",творческая деятельность и развлечения,4497171,3,Апрель
"Творчество, спорт, развлечения и отдых","деятельность библиотек, архивов, музеев и прочая деятельность в области культуры",4066635,3,Апрель
"Творчество, спорт, развлечения и отдых","деятельность в области физической культуры и спорта, организации отдыха и развлечений",6696175,3,Апрель
Предоставление прочих видов услуг,Предоставление прочих видов услуг,5664325,3,Апрель
Справочно: рабочие и служащие,Справочно: рабочие и служащие,7118128,3,Апрель
Всего,Всего,7182850,4,Май
"Сельское, лесное и рыбное хозяйство",Всего,5151938,4,Май
"Сельское, лесное и рыбное хозяйство","растениеводство и животноводство, охота и предоставление услуг в этих областях",5065503,4,Май
"Сельское, лесное и рыбное хозяйство",растениеводство,5200049,4,Май
"Сельское, лесное и рыбное хозяйство",животноводство,4982680,4,Май
"Сельское, лесное и рыбное хозяйство",лесоводство и лесозаготовки,5863747,4,Май
"Сельское, лесное и рыбное хозяйство",рыболовство и рыбоводство,4846128,4,Май
Промышленность,Всего,7666411,4,Май
Промышленность,горнодобывающая промышленность,10969616,4,Май
Промышленность,обрабатывающая промышленность,7601832,4,Май
Промышленность,"производство продуктов питания, напитков и табачных изделий",7428774,4,Май
Промышленность,"производство текстильных изделий, одежды, изделий из кожи и меха",5288539,4,Май
Промышленность,производство изделий из дерева и бумаги; полиграфическая деятельность и тиражирование записанных носителей информации,6149429,4,Май
Промышленность,"производство деревянных и пробковых изделий, кроме мебели; производство изделий из соломки и материалов для плетения",5783711,4,Май
Промышленность,"производство целлюлозы, бумаги и изделий из бумаги",6319835,4,Май
Промышленность,полиграфическая деятельность и тиражирование записанных носителей информации,8112669,4,Май
Промышленность,производство кокса и продуктов нефтепереработки,11769831,4,Май
Промышленность,производство химических продуктов,13964717,4,Май
Промышленность,производство основных фармацевтических продуктов и фармацевтических препаратов,8460654,4,Май
Промышленность,"производство резиновых и пластмассовых изделий, прочих неметаллических минеральных продуктов",7145662,4,Май
Промышленность,производство сборных железобетонных и бетонных конструкций и изделий,6300430,4,Май
Промышленность,"металлургическое производство. Производство готовых металлических изделий, кроме машин и оборудования",7571378,4,Май
Промышленность,"производство вычислительной, электронной и оптической аппаратуры",7629508,4,Май
Промышленность,производство электрооборудования,7126021,4,Май
Промышленность,"производство машин и оборудования, не включенных в другие группировки",7112348,4,Май
Промышленность,производство транспортных средств и оборудования,7195002,4,Май
Промышленность,"производство автомобилей, прицепов и полуприцепов",6943086,4,Май
Промышленность,производство прочих транспортных средств и оборудования,8939004,4,Май
Промышленность,"производство прочих готовых изделий; ремонт, монтаж машин и оборудования",7477263,4,Май
Промышленность,производство мебели,5927891,4,Май
Промышленность,"снабжение электроэнергией, газом, паром, горячей водой и кондиционированным воздухом",8295312,4,Май
Промышленность,"производство, передача, распределение и продажа пара и горячей воды; кондиционирование воздуха",6673446,4,Май
Промышленность,"водоснабжение; сбор, обработка и удаление отходов, деятельность по ликвидации загрязнений",6272353,4,Май
Строительство,Строительство,7470302,4,Май
Оптовая и розничная торговля; ремонт автомобилей и мотоциклов,Всего,6825421,4,Май
Оптовая и розничная торговля; ремонт автомобилей и мотоциклов,"оптовая и розничная торговля автомобилями, мотоциклами и их ремонт",9669365,4,Май
Оптовая и розничная торговля; ремонт автомобилей и мотоциклов,"оптовая торговля, за исключением торговли автомобилями и мотоциклами",9324271,4,Май
Оптовая и розничная торговля; ремонт автомобилей и мотоциклов,"розничная торговля, за исключением торговли автомобилями и мотоциклами",6213611,4,Май
"Транспортная деятельность, складирование, почтовая и курьерская деятельность",Всего,8016051,4,Май
"Транспортная деятельность, складирование, почтовая и курьерская деятельность",деятельность сухопутного и трубопроводного транспорта,8231214,4,Май
"Транспортная деятельность, складирование, почтовая и курьерская деятельность",деятельность грузового железнодорожного транспорта,8737528,4,Май
"Транспортная деятельность, складирование, почтовая и курьерская деятельность",деятельность прочего пассажирского сухопутного транспорта,8029832,4,Май
"Транспортная деятельность, складирование, почтовая и курьерская деятельность",деятельность водного транспорта,4956852,4,Май
"Транспортная деятельность, складирование, почтовая и курьерская деятельность",деятельность воздушного транспорта,19869705,4,Май
"Транспортная деятельность, складирование, почтовая и курьерская деятельность",деятельность пассажирского воздушного транспорта,20487817,4,Май
"Транспортная деятельность, складирование, почтовая и курьерская деятельность",деятельность грузового воздушного транспорта,16312811,4,Май
"Транспортная деятельность, складирование, почтовая и курьерская деятельность",складирование и вспомогательная транспортная деятельность,7221464,4,Май
"Транспортная деятельность, складирование, почтовая и курьерская деятельность",вспомогательная деятельность воздушного транспорта,11866956,4,Май
"Транспортная деятельность, складирование, почтовая и курьерская деятельность",почтовая и курьерская деятельность,6924701,4,Май
Услуги по временному проживанию и питанию,Всего,5341480,4,Май
Услуги по временному проживанию и питанию,услуги по временному проживанию,5486594,4,Май
Услуги по временному проживанию и питанию,услуги по общественному питанию,5292293,4,Май
Информация и связь,Всего,21073898,4,Май
Информация и связь,"издательская деятельность, деятельность в сфере аудио- и видеозаписи, воспроизведения и вещания",8780626,4,Май
Информация и связь,деятельность в области телекоммуникаций,11696658,4,Май
Информация и связь,информационные технологии и деятельность в области информационного обслуживания,33534145,4,Май
Информация и связь,Финансовая и страховая деятельность,12671308,4,Май
Информация и связь,"финансовые услуги, кроме страхования и дополнительного пенсионного обеспечения",12979881,4,Май
Информация и связь,"страхование, перестрахование и дополнительное пенсионное обеспечение, кроме обязательного социального страхования",10620924,4,Май
Информация и связь,вспомогательная деятельность в сфере финансовых услуг и страхования,17074536,4,Май
Операции с недвижимым имуществом,Операции с недвижимым имуществом,5509063,4,Май
"Профессиональная, научная и техническая деятельность",Всего,9652030,4,Май
"Профессиональная, научная и техническая деятельность","деятельность в области права, бухгалтерского учета, управления, архитектуры, инженерных изысканий, технических испытаний и анализа",10725148,4,Май
"Профессиональная, научная и техническая деятельность",деятельность головных организаций,10599468,4,Май
"Профессиональная, научная и техническая деятельность",деятельность в области архитектуры,9064553,4,Май
"Профессиональная, научная и техническая деятельность",геодезическая и картографическая деятельность (без научных исследований и разработок),9764602,4,Май
"Профессиональная, научная и техническая деятельность",научные исследования и разработки,9337432,4,Май
"Профессиональная, научная и техническая деятельность","другая профессиональная, научная и техническая деятельность",6081948,4,Май
Деятельность в сфере административных и вспомогательных услуг,Всего,5320357,4,Май
Деятельность в сфере административных и вспомогательных услуг,туристическая деятельность; услуги по бронированию и сопутствующая деятельность,5522635,4,Май
Образование,Образование,5239640,4,Май
Здравоохранение и социальные услуги,Всего,5755976,4,Май
Здравоохранение и социальные услуги,здравоохранение,5974479,4,Май
Здравоохранение и социальные услуги,деятельность по уходу в специализированных учреждениях и предоставление социальных услуг,4163406,4,Май
"Творчество, спорт, развлечения и отдых",Всего,5301944,4,Май
"Творчество, спорт, развлечения и отдых",творческая деятельность и развлечения,4521512,4,Май
"Творчество, спорт, развлечения и отдых","деятельность библиотек, архивов, музеев и прочая деятельность в области культуры",4225501,4,Май
"Творчество, спорт, развлечения и отдых","деятельность в области физической культуры и спорта, организации отдыха и развлечений",6159609,4,Май
Предоставление прочих видов услуг,Предоставление прочих видов услуг,5968781,4,Май
Справочно: рабочие и служащие,Справочно: рабочие и служащие,7211918,4,Май
Всего,Всего,7387447,5,Июнь
"Сельское, лесное и рыбное хозяйство",Всего,5226271,5,Июнь
"Сельское, лесное и рыбное хозяйство","растениеводство и животноводство, охота и предоставление услуг в этих областях",5105996,5,Июнь
"Сельское, лесное и рыбное хозяйство",растениеводство,5207382,5,Июнь
"Сельское, лесное и рыбное хозяйство",животноводство,5026994,5,Июнь
"Сельское, лесное и рыбное хозяйство",лесоводство и лесозаготовки,6229052,5,Июнь
"Сельское, лесное и рыбное хозяйство",рыболовство и рыбоводство,4462886,5,Июнь
Промышленность,Всего,7830293,5,Июнь
Промышленность,горнодобывающая промышленность,11532923,5,Июнь
Промышленность,обрабатывающая промышленность,7767532,5,Июнь
Промышленность,"производство продуктов питания, напитков и табачных изделий",7642621,5,Июнь
Промышленность,"производство текстильных изделий, одежды, изделий из кожи и меха",5672012,5,Июнь
Промышленность,производство изделий из дерева и бумаги; полиграфическая деятельность и тиражирование записанных носителей информации,6452564,5,Июнь
Промышленность,"производство деревянных и пробковых изделий, кроме мебели; производство изделий из соломки и материалов для плетения",6139264,5,Июнь
Промышленность,"производство целлюлозы, бумаги и изделий из бумаги",6437316,5,Июнь
Промышленность,полиграфическая деятельность и тиражирование записанных носителей информации,8562738,5,Июнь
Промышленность,производство кокса и продуктов нефтепереработки,11282536,5,Июнь
Промышленность,производство химических продуктов,12507878,5,Июнь
Промышленность,производство основных фармацевтических продуктов и фармацевтических препаратов,8799055,5,Июнь
Промышленность,"производство резиновых и пластмассовых изделий, прочих неметаллических минеральных продуктов",7414191,5,Июнь
Промышленность,производство сборных железобетонных и бетонных конструкций и изделий,6569626,5,Июнь
Промышленность,"металлургическое производство. Производство готовых металлических изделий, кроме машин и оборудования",7753561,5,Июнь
Промышленность,"производство вычислительной, электронной и оптической аппаратуры",8224523,5,Июнь
Промышленность,производство электрооборудования,7543978,5,Июнь
Промышленность,"производство машин и оборудования, не включенных в другие группировки",7233552,5,Июнь
Промышленность,производство транспортных средств и оборудования,7721473,5,Июнь
Промышленность,"производство автомобилей, прицепов и полуприцепов",7515738,5,Июнь
Промышленность,производство прочих транспортных средств и оборудования,9055303,5,Июнь
Промышленность,"производство прочих готовых изделий; ремонт, монтаж машин и оборудования",8026968,5,Июнь
Промышленность,производство мебели,6434377,5,Июнь
Промышленность,"снабжение электроэнергией, газом, паром, горячей водой и кондиционированным воздухом",8387161,5,Июнь
Промышленность,"производство, передача, распределение и продажа пара и горячей воды; кондиционирование воздуха",6809534,5,Июнь
Промышленность,"водоснабжение; сбор, обработка и удаление отходов, деятельность по ликвидации загрязнений",6476026,5,Июнь
Строительство,Строительство,7898621,5,Июнь
Оптовая и розничная торговля; ремонт автомобилей и мотоциклов,Всего,7071133,5,Июнь
Оптовая и розничная торговля; ремонт автомобилей и мотоциклов,"оптовая и розничная торговля автомобилями, мотоциклами и их ремонт",10044741,5,Июнь
Оптовая и розничная торговля; ремонт автомобилей и мотоциклов,"оптовая торговля, за исключением торговли автомобилями и мотоциклами",9898116,5,Июнь
Оптовая и розничная торговля; ремонт автомобилей и мотоциклов,"розничная торговля, за исключением торговли автомобилями и мотоциклами",6386522,5,Июнь
"Транспортная деятельность, складирование, почтовая и курьерская деятельность",Всего,7967457,5,Июнь
"Транспортная деятельность, складирование, почтовая и курьерская деятельность",деятельность сухопутного и трубопроводного транспорта,8059415,5,Июнь
"Транспортная деятельность, складирование, почтовая и курьерская деятельность",деятельность грузового железнодорожного транспорта,8467217,5,Июнь
"Транспортная деятельность, складирование, почтовая и курьерская деятельность",деятельность прочего пассажирского сухопутного транспорта,7811749,5,Июнь
"Транспортная деятельность, складирование, почтовая и курьерская деятельность",деятельность водного транспорта,4979973,5,Июнь
"Транспортная деятельность, складирование, почтовая и курьерская деятельность",деятельность воздушного транспорта,18861234,5,Июнь
"Транспортная деятельность, складирование, почтовая и курьерская деятельность",деятельность пассажирского воздушного транспорта,19704848,5,Июнь
"Транспортная деятельность, складирование, почтовая и курьерская деятельность",деятельность грузового воздушного транспорта,14131707,5,Июнь
"Транспортная деятельность, складирование, почтовая и курьерская деятельность",складирование и вспомогательная транспортная деятельность,7471095,5,Июнь
"Транспортная деятельность, складирование, почтовая и курьерская деятельность",вспомогательная деятельность воздушного транспорта,11994629,5,Июнь
"Транспортная деятельность, складирование, почтовая и курьерская деятельность",почтовая и курьерская деятельность,7279539,5,Июнь
Услуги по временному проживанию и питанию,Всего,5491663,5,Июнь
Услуги по временному проживанию и питанию,услуги по временному проживанию,5729002,5,Июнь
Услуги по временному проживанию и питанию,услуги по общественному питанию,5392898,5,Июнь
Информация и связь,Всего,23112241,5,Июнь
Информация и связь,"издательская деятельность, деятельность в сфере аудио- и видеозаписи, воспроизведения и вещания",9049668,5,Июнь
Информация и связь,деятельность в области телекоммуникаций,11929947,5,Июнь
Информация и связь,информационные технологии и деятельность в области информационного обслуживания,37618075,5,Июнь
Финансовая и страховая деятельность,Всего,12015396,5,Июнь
Финансовая и страховая деятельность,"финансовые услуги, кроме страхования и дополнительного пенсионного обеспечения",12307539,5,Июнь
Финансовая и страховая деятельность,"страхование, перестрахование и дополнительное пенсионное обеспечение, кроме обязательного социального страхования",10030387,5,Июнь
Финансовая и страховая деятельность,вспомогательная деятельность в сфере финансовых услуг и страхования,17533512,5,Июнь
Операции с недвижимым имуществом,Операции с недвижимым имуществом,5674662,5,Июнь
"Профессиональная, научная и техническая деятельность",Всего,10183159,5,Июнь
"Профессиональная, научная и техническая деятельность","деятельность в области права, бухгалтерского учета, управления, архитектуры, инженерных изысканий, технических испытаний и анализа",11200662,5,Июнь
"Профессиональная, научная и техническая деятельность",деятельность головных организаций,11141805,5,Июнь
"Профессиональная, научная и техническая деятельность",деятельность в области архитектуры,9623500,5,Июнь
"Профессиональная, научная и техническая деятельность",геодезическая и картографическая деятельность (без научных исследований и разработок),10607330,5,Июнь
"Профессиональная, научная и техническая деятельность",научные исследования и разработки,10158332,5,Июнь
"Профессиональная, научная и техническая деятельность","другая профессиональная, научная и техническая деятельность",6210684,5,Июнь
Деятельность в сфере административных и вспомогательных услуг,Всего,5521699,5,Июнь
Деятельность в сфере административных и вспомогательных услуг,туристическая деятельность; услуги по бронированию и сопутствующая деятельность,5380375,5,Июнь
Образование,Образование,5294942,5,Июнь
Здравоохранение и социальные услуги,Всего,6086428,5,Июнь
Здравоохранение и социальные услуги,здравоохранение,6341464,5,Июнь
Здравоохранение и социальные услуги,деятельность по уходу в специализированных учреждениях и предоставление социальных услуг,4222361,5,Июнь
"Творчество, спорт, развлечения и отдых",Всего,5381482,5,Июнь
"Творчество, спорт, развлечения и отдых",творческая деятельность и развлечения,4590807,5,Июнь
"Творчество, спорт, развлечения и отдых","деятельность библиотек, архивов, музеев и прочая деятельность в области культуры",4286661,5,Июнь
"Творчество, спорт, развлечения и отдых","деятельность в области физической культуры и спорта, организации отдыха и развлечений",6316627,5,Июнь
Предоставление прочих видов услуг,Предоставление прочих видов услуг,5610701,5,Июнь
Справочно: рабочие и служащие,Справочно: рабочие и служащие,7416615,5,Июнь
Всего,Всего,745.8,6,Июль
"Сельское, лесное и рыбное хозяйство",Всего,549.2,6,Июль
"Сельское, лесное и рыбное хозяйство","растениеводство и животноводство, охота и предоставление услуг в этих областях",541,6,Июль
"Сельское, лесное и рыбное хозяйство",растениеводство,576.4,6,Июль
"Сельское, лесное и рыбное хозяйство",животноводство,520.7,6,Июль
"Сельское, лесное и рыбное хозяйство",лесоводство и лесозаготовки,619.2,6,Июль
"Сельское, лесное и рыбное хозяйство",рыболовство и рыбоводство,487.5,6,Июль
Промышленность,Всего,790.9,6,Июль
Промышленность,горнодобывающая промышленность,1197,6,Июль
Промышленность,обрабатывающая промышленность,784.4,6,Июль
Промышленность,"производство продуктов питания, напитков и табачных изделий",772.5,6,Июль
Промышленность,"производство текстильных изделий, одежды, изделий из кожи и меха",568.3,6,Июль
Промышленность,производство изделий из дерева и бумаги; полиграфическая деятельность и тиражирование записанных носителей информации,665.9,6,Июль
Промышленность,"производство деревянных и пробковых изделий, кроме мебели; производство изделий из соломки и материалов для плетения",640,6,Июль
Промышленность,"производство целлюлозы, бумаги и изделий из бумаги",653.4,6,Июль
Промышленность,полиграфическая деятельность и тиражирование записанных носителей информации,870.1,6,Июль
Промышленность,производство кокса и продуктов нефтепереработки,1203.5,6,Июль
Промышленность,производство химических продуктов,1249,6,Июль
Промышленность,производство основных фармацевтических продуктов и фармацевтических препаратов,877,6,Июль
Промышленность,"производство резиновых и пластмассовых изделий, прочих неметаллических минеральных продуктов",762.1,6,Июль
Промышленность,производство сборных железобетонных и бетонных конструкций и изделий,680.3,6,Июль
Промышленность,"металлургическое производство. Производство готовых металлических изделий, кроме машин и оборудования",780.5,6,Июль
Промышленность,"производство вычислительной, электронной и оптической аппаратуры",817.8,6,Июль
Промышленность,производство электрооборудования,747.5,6,Июль
Промышленность,"производство машин и оборудования, не включенных в другие группировки",736.3,6,Июль
Промышленность,производство транспортных средств и оборудования,776.6,6,Июль
Промышленность,"производство автомобилей, прицепов и полуприцепов",745.4,6,Июль
Промышленность,производство прочих транспортных средств и оборудования,980.9,6,Июль
Промышленность,"производство прочих готовых изделий; ремонт, монтаж машин и оборудования",787.6,6,Июль
Промышленность,производство мебели,637.9,6,Июль
Промышленность,"снабжение электроэнергией, газом, паром, горячей водой и кондиционированным воздухом",842.6,6,Июль
Промышленность,"производство, передача, распределение и продажа пара и горячей воды; кондиционирование воздуха",678.2,6,Июль
Промышленность,"водоснабжение; сбор, обработка и удаление отходов, деятельность по ликвидации загрязнений",658.4,6,Июль
Строительство,Строительство,795.3,6,Июль
Оптовая и розничная торговля; ремонт автомобилей и мотоциклов,Всего,720.5,6,Июль
Оптовая и розничная торговля; ремонт автомобилей и мотоциклов,"оптовая и розничная торговля автомобилями, мотоциклами и их ремонт",986,6,Июль
Оптовая и розничная торговля; ремонт автомобилей и мотоциклов,"оптовая торговля, за исключением торговли автомобилями и мотоциклами",1001.5,6,Июль
Оптовая и розничная торговля; ремонт автомобилей и мотоциклов,"розничная торговля, за исключением торговли автомобилями и мотоциклами",653.5,6,Июль
"Транспортная деятельность, складирование, почтовая и курьерская деятельность",Всего,848.7,6,Июль
"Транспортная деятельность, складирование, почтовая и курьерская деятельность",деятельность сухопутного и трубопроводного транспорта,871,6,Июль
"Транспортная деятельность, складирование, почтовая и курьерская деятельность",деятельность грузового железнодорожного транспорта,815.3,6,Июль
"Транспортная деятельность, складирование, почтовая и курьерская деятельность",деятельность прочего пассажирского сухопутного транспорта,893,6,Июль
"Транспортная деятельность, складирование, почтовая и курьерская деятельность",деятельность водного транспорта,522,6,Июль
"Транспортная деятельность, складирование, почтовая и курьерская деятельность",деятельность воздушного транспорта,2132.2,6,Июль
"Транспортная деятельность, складирование, почтовая и курьерская деятельность",деятельность пассажирского воздушного транспорта,2243.9,6,Июль
"Транспортная деятельность, складирование, почтовая и курьерская деятельность",деятельность грузового воздушного транспорта,1513.7,6,Июль
"Транспортная деятельность, складирование, почтовая и курьерская деятельность",складирование и вспомогательная транспортная деятельность,770.7,6,Июль
"Транспортная деятельность, складирование, почтовая и курьерская деятельность",вспомогательная деятельность воздушного транспорта,1264.3,6,Июль
"Транспортная деятельность, складирование, почтовая и курьерская деятельность",почтовая и курьерская деятельность,718,6,Июль
Услуги по временному проживанию и питанию,Всего,576.9,6,Июль
Услуги по временному проживанию и питанию,услуги по временному проживанию,583.5,6,Июль
Услуги по временному проживанию и питанию,услуги по общественному питанию,573.9,6,Июль
Информация и связь,Всего,2170.4,6,Июль
Информация и связь,"издательская деятельность, деятельность в сфере аудио- и видеозаписи, воспроизведения и вещания",909.1,6,Июль
Информация и связь,деятельность в области телекоммуникаций,1201.9,6,Июль
Информация и связь,информационные технологии и деятельность в области информационного обслуживания,3426.6,6,Июль
Финансовая и страховая деятельность,Всего,1255.6,6,Июль
Финансовая и страховая деятельность,"финансовые услуги, кроме страхования и дополнительного пенсионного обеспечения",1281,6,Июль
Финансовая и страховая деятельность,"страхование, перестрахование и дополнительное пенсионное обеспечение, кроме обязательного социального страхования",1080.8,6,Июль
Финансовая и страховая деятельность,вспомогательная деятельность в сфере финансовых услуг и страхования,1819.9,6,Июль
Операции с недвижимым имуществом,Операции с недвижимым имуществом,573.9,6,Июль
"Профессиональная, научная и техническая деятельность",Всего,1012.3,6,Июль
"Профессиональная, научная и техническая деятельность","деятельность в области права, бухгалтерского учета, управления, архитектуры, инженерных изысканий, технических испытаний и анализа",1109.7,6,Июль
"Профессиональная, научная и техническая деятельность",деятельность головных организаций,1119.8,6,Июль
"Профессиональная, научная и техническая деятельность",деятельность в области архитектуры,945,6,Июль
"Профессиональная, научная и техническая деятельность",геодезическая и картографическая деятельность (без научных исследований и разработок),1014.3,6,Июль
"Профессиональная, научная и техническая деятельность",научные исследования и разработки,986.9,6,Июль
"Профессиональная, научная и техническая деятельность","другая профессиональная, научная и техническая деятельность",684.7,6,Июль
Деятельность в сфере административных и вспомогательных услуг,Всего,554,6,Июль
Деятельность в сфере административных и вспомогательных услуг,туристическая деятельность; услуги по бронированию и сопутствующая деятельность,557.6,6,Июль
Образование,Образование,510,6,Июль
Здравоохранение и социальные услуги,Всего,592.9,6,Июль
Здравоохранение и социальные услуги,здравоохранение,615.8,6,Июль
Здравоохранение и социальные услуги,деятельность по уходу в специализированных учреждениях и предоставление социальных услуг,425.7,6,Июль
"Творчество, спорт, развлечения и отдых",Всего,575.6,6,Июль
"Творчество, спорт, развлечения и отдых",творческая деятельность и развлечения,471.9,6,Июль
"Творчество, спорт, развлечения и отдых","деятельность библиотек, архивов, музеев и прочая деятельность в области культуры",428.3,6,Июль
"Творчество, спорт, развлечения и отдых","деятельность в области физической культуры и спорта, организации отдыха и развлечений",711.1,6,Июль
Предоставление прочих видов услуг,Предоставление прочих видов услуг,563.7,6,Июль
Справочно: рабочие и служащие,Справочно: рабочие и служащие,748.1,6,Июль
Всего,Всего,750.3,7,Август
"Сельское, лесное и рыбное хозяйство",Всего,571.5,7,Август
"Сельское, лесное и рыбное хозяйство","растениеводство и животноводство, охота и предоставление услуг в этих областях",564.1,7,Август
"Сельское, лесное и рыбное хозяйство",растениеводство,618.7,7,Август
"Сельское, лесное и рыбное хозяйство",животноводство,533,7,Август
"Сельское, лесное и рыбное хозяйство",лесоводство и лесозаготовки,635.2,7,Август
"Сельское, лесное и рыбное хозяйство",рыболовство и рыбоводство,477.5,7,Август
Промышленность,Всего,818.8,7,Август
Промышленность,горнодобывающая промышленность,1309.6,7,Август
Промышленность,обрабатывающая промышленность,813.1,7,Август
Промышленность,"производство продуктов питания, напитков и табачных изделий",790.4,7,Август
Промышленность,"производство текстильных изделий, одежды, изделий из кожи и меха",589,7,Август
Промышленность,производство изделий из дерева и бумаги; полиграфическая деятельность и тиражирование записанных носителей информации,681.6,7,Август
Промышленность,"производство деревянных и пробковых изделий, кроме мебели; производство изделий из соломки и материалов для плетения",653.7,7,Август
Промышленность,"производство целлюлозы, бумаги и изделий из бумаги",681.2,7,Август
Промышленность,полиграфическая деятельность и тиражирование записанных носителей информации,867.7,7,Август
Промышленность,производство кокса и продуктов нефтепереработки,1239.8,7,Август
Промышленность,производство химических продуктов,1359.9,7,Август
Промышленность,производство основных фармацевтических продуктов и фармацевтических препаратов,905.1,7,Август
Промышленность,"производство резиновых и пластмассовых изделий, прочих неметаллических минеральных продуктов",804.8,7,Август
Промышленность,производство сборных железобетонных и бетонных конструкций и изделий,752.6,7,Август
Промышленность,"металлургическое производство. Производство готовых металлических изделий, кроме машин и оборудования",803.5,7,Август
Промышленность,"производство вычислительной, электронной и оптической аппаратуры",801.8,7,Август
Промышленность,производство электрооборудования,795.1,7,Август
Промышленность,"производство машин и оборудования, не включенных в другие группировки",754.5,7,Август
Промышленность,производство транспортных средств и оборудования,773.4,7,Август
Промышленность,"производство автомобилей, прицепов и полуприцепов",750.8,7,Август
Промышленность,производство прочих транспортных средств и оборудования,923.5,7,Август
Промышленность,"производство прочих готовых изделий; ремонт, монтаж машин и оборудования",823.4,7,Август
Промышленность,производство мебели,669.3,7,Август
Промышленность,"снабжение электроэнергией, газом, паром, горячей водой и кондиционированным воздухом",865.8,7,Август
Промышленность,"производство, передача, распределение и продажа пара и горячей воды; кондиционирование воздуха",691.5,7,Август
Промышленность,"водоснабжение; сбор, обработка и удаление отходов, деятельность по ликвидации загрязнений",662.4,7,Август
Строительство,Строительство,836.9,7,Август
Оптовая и розничная торговля; ремонт автомобилей и мотоциклов,Всего,717.1,7,Август
Оптовая и розничная торговля; ремонт автомобилей и мотоциклов,"оптовая и розничная торговля автомобилями, мотоциклами и их ремонт",997.4,7,Август
Оптовая и розничная торговля; ремонт автомобилей и мотоциклов,"оптовая торговля, за исключением торговли автомобилями и мотоциклами",1007.8,7,Август
Оптовая и розничная торговля; ремонт автомобилей и мотоциклов,"розничная торговля, за исключением торговли автомобилями и мотоциклами",647.4,7,Август
"Транспортная деятельность, складирование, почтовая и курьерская деятельность",Всего,841.6,7,Август
"Транспортная деятельность, складирование, почтовая и курьерская деятельность",деятельность сухопутного и трубопроводного транспорта,860.7,7,Август
"Транспортная деятельность, складирование, почтовая и курьерская деятельность",деятельность грузового железнодорожного транспорта,923.3,7,Август
"Транспортная деятельность, складирование, почтовая и курьерская деятельность",деятельность прочего пассажирского сухопутного транспорта,820.4,7,Август
"Транспортная деятельность, складирование, почтовая и курьерская деятельность",деятельность водного транспорта,504.6,7,Август
"Транспортная деятельность, складирование, почтовая и курьерская деятельность",деятельность воздушного транспорта,2149,7,Август
"Транспортная деятельность, складирование, почтовая и курьерская деятельность",деятельность пассажирского воздушного транспорта,2237.5,7,Август
"Транспортная деятельность, складирование, почтовая и курьерская деятельность",деятельность грузового воздушного транспорта,1661.9,7,Август
"Транспортная деятельность, складирование, почтовая и курьерская деятельность",складирование и вспомогательная транспортная деятельность,781.1,7,Август
"Транспортная деятельность, складирование, почтовая и курьерская деятельность",вспомогательная деятельность воздушного транспорта,1234.8,7,Август
"Транспортная деятельность, складирование, почтовая и курьерская деятельность",почтовая и курьерская деятельность,701.4,7,Август
Услуги по временному проживанию и питанию,Всего,567.4,7,Август
Услуги по временному проживанию и питанию,услуги по временному проживанию,590.9,7,Август
Услуги по временному проживанию и питанию,услуги по общественному питанию,556.8,7,Август
Информация и связь,Всего,2127.7,7,Август
Информация и связь,"издательская деятельность, деятельность в сфере аудио- и видеозаписи, воспроизведения и вещания",907,7,Август
Информация и связь,деятельность в области телекоммуникаций,1219.8,7,Август
Информация и связь,информационные технологии и деятельность в области информационного обслуживания,3304,7,Август
Финансовая и страховая деятельность,Всего,1204.9,7,Август
Финансовая и страховая деятельность,"финансовые услуги, кроме страхования и дополнительного пенсионного обеспечения",1244.1,7,Август
Финансовая и страховая деятельность,"страхование, перестрахование и дополнительное пенсионное обеспечение, кроме обязательного социального страхования",951.3,7,Август
Финансовая и страховая деятельность,вспомогательная деятельность в сфере финансовых услуг и страхования,1737,7,Август
Операции с недвижимым имуществом,Операции с недвижимым имуществом,580.7,7,Август
"Профессиональная, научная и техническая деятельность",Всего,1024.3,7,Август
"Профессиональная, научная и техническая деятельность","деятельность в области права, бухгалтерского учета, управления, архитектуры, инженерных изысканий, технических испытаний и анализа",1156.2,7,Август
"Профессиональная, научная и техническая деятельность",деятельность головных организаций,1094.6,7,Август
"Профессиональная, научная и техническая деятельность",деятельность в области архитектуры,1054.7,7,Август
"Профессиональная, научная и техническая деятельность",геодезическая и картографическая деятельность (без научных исследований и разработок),1061.1,7,Август
"Профессиональная, научная и техническая деятельность",научные исследования и разработки,968.3,7,Август
"Профессиональная, научная и техническая деятельность","другая профессиональная, научная и техническая деятельность",627.1,7,Август
Деятельность в сфере административных и вспомогательных услуг,Всего,559.5,7,Август
Деятельность в сфере административных и вспомогательных услуг,туристическая деятельность; услуги по бронированию и сопутствующая деятельность,544.9,7,Август
Образование,Образование,490.5,7,Август
Здравоохранение и социальные услуги,Всего,577.2,7,Август
Здравоохранение и социальные услуги,здравоохранение,597.8,7,Август
Здравоохранение и социальные услуги,деятельность по уходу в специализированных учреждениях и предоставление социальных услуг,423.8,7,Август
"Творчество, спорт, развлечения и отдых",Всего,546,7,Август
"Творчество, спорт, развлечения и отдых",творческая деятельность и развлечения,454.7,7,Август
"Творчество, спорт, развлечения и отдых","деятельность библиотек, архивов, музеев и прочая деятельность в области культуры",418.7,7,Август
"Творчество, спорт, развлечения и отдых","деятельность в области физической культуры и спорта, организации отдыха и развлечений",658.7,7,Август
Предоставление прочих видов услуг,Предоставление прочих видов услуг,579.2,7,Август
Справочно: рабочие и служащие,Справочно: рабочие и служащие,751.8,7,Август
